name,value,year,lastValue,rank
Juan Fangio,1,1950,0,2
Nino Farina,6,1950,0,1
Juan Fangio,8,1951,1,1
Nino Farina,7,1951,6,2
Alberto Ascari,5,1952,0,3
Juan Fangio,8,1952,8,1
Nino Farina,7,1952,7,2
Piero Taruffi,3,1952,0,4
Alberto Ascari,14,1953,5,1
Juan Fangio,8,1953,8,2
Nino Farina,7,1953,7,3
Piero Taruffi,3,1953,3,4
Alberto Ascari,14,1954,14,2
Juan Fangio,17,1954,8,1
Nino Farina,7,1954,7,3
Piero Taruffi,3,1954,3,4
Alberto Ascari,14,1955,14,2
Juan Fangio,22,1955,17,1
Maurice Trintignant,2,1955,0,5
Nino Farina,7,1955,7,3
Piero Taruffi,3,1955,3,4
Alberto Ascari,14,1956,14,2
Jean Behra,1,1956,0,6
Juan Fangio,27,1956,22,1
Maurice Trintignant,2,1956,2,5
Nino Farina,7,1956,7,3
Peter Collins,2,1956,0,5
Piero Taruffi,3,1956,3,4
Alberto Ascari,14,1957,14,2
Jean Behra,1,1957,1,6
Juan Fangio,35,1957,27,1
Maurice Trintignant,2,1957,2,5
Nino Farina,7,1957,7,3
Peter Collins,2,1957,2,5
Piero Taruffi,3,1957,3,4
Alberto Ascari,14,1958,14,2
Jean Behra,1,1958,1,7
Juan Fangio,35,1958,35,1
Luigi Musso,1,1958,0,7
Maurice Trintignant,2,1958,2,6
Mike Hawthorn,5,1958,0,4
Nino Farina,7,1958,7,3
Peter Collins,2,1958,2,6
Piero Taruffi,3,1958,3,5
Stirling Moss,5,1958,0,4
Alberto Ascari,14,1959,14,2
Jack Brabham,9,1959,0,3
Jean Behra,1,1959,1,8
Juan Fangio,35,1959,35,1
Luigi Musso,1,1959,1,8
Maurice Trintignant,2,1959,2,7
Mike Hawthorn,5,1959,5,5
Nino Farina,7,1959,7,4
Peter Collins,2,1959,2,7
Piero Taruffi,3,1959,3,6
Stirling Moss,5,1959,5,5
Alberto Ascari,14,1960,14,2
Bruce McLaren,5,1960,0,4
Jack Brabham,14,1960,9,2
Jean Behra,1,1960,1,7
Juan Fangio,35,1960,35,1
Luigi Musso,1,1960,1,7
Maurice Trintignant,2,1960,2,6
Mike Hawthorn,5,1960,5,4
Nino Farina,7,1960,7,3
Peter Collins,2,1960,2,6
Piero Taruffi,3,1960,3,5
Stirling Moss,5,1960,5,4
Alberto Ascari,14,1961,14,2
Bruce McLaren,5,1961,5,4
Jack Brabham,14,1961,14,2
Jean Behra,1,1961,1,8
Juan Fangio,35,1961,35,1
Luigi Musso,1,1961,1,8
Maurice Trintignant,2,1961,2,7
Mike Hawthorn,5,1961,5,4
Nino Farina,7,1961,7,3
Peter Collins,2,1961,2,7
Phil Hill,4,1961,0,5
Piero Taruffi,3,1961,3,6
Stirling Moss,7,1961,5,3
Wolfgang von Trips,2,1961,0,7
Alberto Ascari,14,1962,14,2
Bruce McLaren,5,1962,5,5
Graham Hill,9,1962,0,3
Jack Brabham,14,1962,14,2
Jean Behra,1,1962,1,9
Juan Fangio,35,1962,35,1
Luigi Musso,1,1962,1,9
Maurice Trintignant,2,1962,2,8
Mike Hawthorn,5,1962,5,5
Nino Farina,7,1962,7,4
Peter Collins,2,1962,2,8
Phil Hill,4,1962,4,6
Piero Taruffi,3,1962,3,7
Stirling Moss,7,1962,7,4
Wolfgang von Trips,2,1962,2,8
Alberto Ascari,14,1963,14,2
Bruce McLaren,6,1963,5,6
Graham Hill,10,1963,9,3
Jack Brabham,14,1963,14,2
Jean Behra,1,1963,1,11
Jim Clark,8,1963,0,4
Juan Fangio,35,1963,35,1
Luigi Musso,1,1963,1,11
Maurice Trintignant,2,1963,2,10
Mike Hawthorn,5,1963,5,7
Nino Farina,7,1963,7,5
Peter Collins,2,1963,2,10
Phil Hill,4,1963,4,8
Piero Taruffi,3,1963,3,9
Stirling Moss,7,1963,7,5
Wolfgang von Trips,2,1963,2,10
Alberto Ascari,14,1964,14,3
Bruce McLaren,6,1964,6,6
Graham Hill,15,1964,10,2
Jack Brabham,14,1964,14,3
Jean Behra,1,1964,1,11
Jim Clark,12,1964,8,4
John Surtees,1,1964,0,11
Juan Fangio,35,1964,35,1
Luigi Musso,1,1964,1,11
Maurice Trintignant,2,1964,2,10
Mike Hawthorn,5,1964,5,7
Nino Farina,7,1964,7,5
Peter Collins,2,1964,2,10
Phil Hill,4,1964,4,8
Piero Taruffi,3,1964,3,9
Stirling Moss,7,1964,7,5
Wolfgang von Trips,2,1964,2,10
Alberto Ascari,14,1965,14,4
Bruce McLaren,6,1965,6,6
Graham Hill,16,1965,15,3
Jack Brabham,14,1965,14,4
Jean Behra,1,1965,1,11
Jim Clark,21,1965,12,2
John Surtees,1,1965,1,11
Juan Fangio,35,1965,35,1
Luigi Musso,1,1965,1,11
Maurice Trintignant,2,1965,2,10
Mike Hawthorn,5,1965,5,7
Nino Farina,7,1965,7,5
Peter Collins,2,1965,2,10
Phil Hill,4,1965,4,8
Piero Taruffi,3,1965,3,9
Stirling Moss,7,1965,7,5
Wolfgang von Trips,2,1965,2,10
Alberto Ascari,14,1966,14,4
Bruce McLaren,6,1966,6,6
Graham Hill,16,1966,16,3
Jack Brabham,21,1966,14,2
Jackie Stewart,1,1966,0,11
Jean Behra,1,1966,1,11
Jim Clark,21,1966,21,2
John Surtees,1,1966,1,11
Juan Fangio,35,1966,35,1
Lorenzo Bandini,1,1966,0,11
Luigi Musso,1,1966,1,11
Maurice Trintignant,2,1966,2,10
Mike Hawthorn,5,1966,5,7
Nino Farina,7,1966,7,5
Peter Collins,2,1966,2,10
Phil Hill,4,1966,4,8
Piero Taruffi,3,1966,3,9
Stirling Moss,7,1966,7,5
Wolfgang von Trips,2,1966,2,10
Alberto Ascari,14,1967,14,4
Bruce McLaren,6,1967,6,7
Denny Hulme,10,1967,0,5
Graham Hill,16,1967,16,3
Jack Brabham,21,1967,21,2
Jackie Stewart,1,1967,1,12
Jean Behra,1,1967,1,12
Jim Clark,21,1967,21,2
John Surtees,1,1967,1,12
Juan Fangio,35,1967,35,1
Lorenzo Bandini,1,1967,1,12
Luigi Musso,1,1967,1,12
Maurice Trintignant,2,1967,2,11
Mike Hawthorn,5,1967,5,8
Nino Farina,7,1967,7,6
Pedro Rodríguez,1,1967,0,12
Peter Collins,2,1967,2,11
Phil Hill,4,1967,4,9
Piero Taruffi,3,1967,3,10
Stirling Moss,7,1967,7,6
Wolfgang von Trips,2,1967,2,11
Alberto Ascari,14,1968,14,5
Bruce McLaren,6,1968,6,8
Denny Hulme,10,1968,10,6
Graham Hill,27,1968,16,2
Jack Brabham,21,1968,21,4
Jackie Stewart,1,1968,1,13
Jean Behra,1,1968,1,13
Jim Clark,22,1968,21,3
John Surtees,1,1968,1,13
Juan Fangio,35,1968,35,1
Lorenzo Bandini,1,1968,1,13
Luigi Musso,1,1968,1,13
Maurice Trintignant,2,1968,2,12
Mike Hawthorn,5,1968,5,9
Nino Farina,7,1968,7,7
Pedro Rodríguez,1,1968,1,13
Peter Collins,2,1968,2,12
Phil Hill,4,1968,4,10
Piero Taruffi,3,1968,3,11
Stirling Moss,7,1968,7,7
Wolfgang von Trips,2,1968,2,12
Alberto Ascari,14,1969,14,5
Bruce McLaren,6,1969,6,9
Denny Hulme,10,1969,10,7
Graham Hill,27,1969,27,2
Jack Brabham,21,1969,21,4
Jackie Stewart,12,1969,1,6
Jean Behra,1,1969,1,14
Jim Clark,22,1969,22,3
John Surtees,1,1969,1,14
Juan Fangio,35,1969,35,1
Lorenzo Bandini,1,1969,1,14
Luigi Musso,1,1969,1,14
Maurice Trintignant,2,1969,2,13
Mike Hawthorn,5,1969,5,10
Nino Farina,7,1969,7,8
Pedro Rodríguez,1,1969,1,14
Peter Collins,2,1969,2,13
Phil Hill,4,1969,4,11
Piero Taruffi,3,1969,3,12
Stirling Moss,7,1969,7,8
Wolfgang von Trips,2,1969,2,13
Alberto Ascari,14,1970,14,5
Bruce McLaren,6,1970,6,9
Denny Hulme,10,1970,10,6
Graham Hill,27,1970,27,2
Jack Brabham,24,1970,21,3
Jackie Stewart,14,1970,12,5
Jean Behra,1,1970,1,14
Jim Clark,22,1970,22,4
Jochen Rindt,8,1970,0,7
John Surtees,1,1970,1,14
Juan Fangio,35,1970,35,1
Lorenzo Bandini,1,1970,1,14
Luigi Musso,1,1970,1,14
Maurice Trintignant,2,1970,2,13
Mike Hawthorn,5,1970,5,10
Nino Farina,7,1970,7,8
Pedro Rodríguez,1,1970,1,14
Peter Collins,2,1970,2,13
Phil Hill,4,1970,4,11
Piero Taruffi,3,1970,3,12
Stirling Moss,7,1970,7,8
Wolfgang von Trips,2,1970,2,13
Alberto Ascari,14,1971,14,5
Bruce McLaren,6,1971,6,9
Denny Hulme,10,1971,10,6
Graham Hill,27,1971,27,2
Jack Brabham,24,1971,24,3
Jackie Stewart,24,1971,14,3
Jean Behra,1,1971,1,14
Jim Clark,22,1971,22,4
Jochen Rindt,8,1971,8,7
John Surtees,1,1971,1,14
Juan Fangio,35,1971,35,1
Lorenzo Bandini,1,1971,1,14
Luigi Musso,1,1971,1,14
Mario Andretti,1,1971,0,14
Maurice Trintignant,2,1971,2,13
Mike Hawthorn,5,1971,5,10
Nino Farina,7,1971,7,8
Pedro Rodríguez,1,1971,1,14
Peter Collins,2,1971,2,13
Phil Hill,4,1971,4,11
Piero Taruffi,3,1971,3,12
Stirling Moss,7,1971,7,8
Wolfgang von Trips,2,1971,2,13
Alberto Ascari,14,1972,14,6
Bruce McLaren,6,1972,6,11
Denny Hulme,11,1972,10,7
Emerson Fittipaldi,10,1972,0,8
Graham Hill,27,1972,27,2
Jack Brabham,24,1972,24,4
Jackie Stewart,25,1972,24,3
Jean Behra,1,1972,1,16
Jim Clark,22,1972,22,5
Jochen Rindt,8,1972,8,9
John Surtees,1,1972,1,16
Juan Fangio,35,1972,35,1
Lorenzo Bandini,1,1972,1,16
Luigi Musso,1,1972,1,16
Mario Andretti,1,1972,1,16
Maurice Trintignant,2,1972,2,15
Mike Hawthorn,5,1972,5,12
Nino Farina,7,1972,7,10
Pedro Rodríguez,1,1972,1,16
Peter Collins,2,1972,2,15
Phil Hill,4,1972,4,13
Piero Taruffi,3,1972,3,14
Stirling Moss,7,1972,7,10
Wolfgang von Trips,2,1972,2,15
Alberto Ascari,14,1973,14,7
Bruce McLaren,6,1973,6,11
Denny Hulme,11,1973,11,8
Emerson Fittipaldi,17,1973,10,6
Graham Hill,27,1973,27,3
Jack Brabham,24,1973,24,4
Jackie Stewart,33,1973,25,2
Jean Behra,1,1973,1,16
Jim Clark,22,1973,22,5
Jochen Rindt,8,1973,8,9
John Surtees,1,1973,1,16
Juan Fangio,35,1973,35,1
Lorenzo Bandini,1,1973,1,16
Luigi Musso,1,1973,1,16
Mario Andretti,1,1973,1,16
Maurice Trintignant,2,1973,2,15
Mike Hawthorn,5,1973,5,12
Nino Farina,7,1973,7,10
Pedro Rodríguez,1,1973,1,16
Peter Collins,2,1973,2,15
Phil Hill,4,1973,4,13
Piero Taruffi,3,1973,3,14
Stirling Moss,7,1973,7,10
Wolfgang von Trips,2,1973,2,15
Alberto Ascari,14,1974,14,7
Bruce McLaren,6,1974,6,11
Clay Regazzoni,6,1974,0,11
Denny Hulme,12,1974,11,8
Emerson Fittipaldi,23,1974,17,5
Graham Hill,27,1974,27,3
Jack Brabham,24,1974,24,4
Jackie Stewart,33,1974,33,2
Jean Behra,1,1974,1,16
Jim Clark,22,1974,22,6
Jochen Rindt,8,1974,8,9
John Surtees,1,1974,1,16
Juan Fangio,35,1974,35,1
Lorenzo Bandini,1,1974,1,16
Luigi Musso,1,1974,1,16
Mario Andretti,1,1974,1,16
Maurice Trintignant,2,1974,2,15
Mike Hawthorn,5,1974,5,12
Niki Lauda,2,1974,0,15
Nino Farina,7,1974,7,10
Pedro Rodríguez,1,1974,1,16
Peter Collins,2,1974,2,15
Phil Hill,4,1974,4,13
Piero Taruffi,3,1974,3,14
Stirling Moss,7,1974,7,10
Wolfgang von Trips,2,1974,2,15
Alberto Ascari,14,1975,14,7
Bruce McLaren,6,1975,6,12
Clay Regazzoni,6,1975,6,12
Denny Hulme,12,1975,12,8
Emerson Fittipaldi,28,1975,23,3
Graham Hill,27,1975,27,4
Jack Brabham,24,1975,24,5
Jackie Stewart,33,1975,33,2
Jean Behra,1,1975,1,17
Jim Clark,22,1975,22,6
Jochen Rindt,8,1975,8,10
John Surtees,1,1975,1,17
Juan Fangio,35,1975,35,1
Lorenzo Bandini,1,1975,1,17
Luigi Musso,1,1975,1,17
Mario Andretti,1,1975,1,17
Maurice Trintignant,2,1975,2,16
Mike Hawthorn,5,1975,5,13
Niki Lauda,11,1975,2,9
Nino Farina,7,1975,7,11
Pedro Rodríguez,1,1975,1,17
Peter Collins,2,1975,2,16
Phil Hill,4,1975,4,14
Piero Taruffi,3,1975,3,15
Stirling Moss,7,1975,7,11
Wolfgang von Trips,2,1975,2,16
Alberto Ascari,14,1976,14,8
Bruce McLaren,6,1976,6,12
Clay Regazzoni,6,1976,6,12
Denny Hulme,12,1976,12,9
Emerson Fittipaldi,28,1976,28,3
Graham Hill,27,1976,27,4
Jack Brabham,24,1976,24,6
Jackie Stewart,33,1976,33,2
James Hunt,1,1976,0,17
Jean Behra,1,1976,1,17
Jim Clark,22,1976,22,7
Jochen Rindt,8,1976,8,10
John Surtees,1,1976,1,17
Juan Fangio,35,1976,35,1
Lorenzo Bandini,1,1976,1,17
Luigi Musso,1,1976,1,17
Mario Andretti,1,1976,1,17
Maurice Trintignant,2,1976,2,16
Mike Hawthorn,5,1976,5,13
Niki Lauda,26,1976,11,5
Nino Farina,7,1976,7,11
Pedro Rodríguez,1,1976,1,17
Peter Collins,2,1976,2,16
Phil Hill,4,1976,4,14
Piero Taruffi,3,1976,3,15
Stirling Moss,7,1976,7,11
Wolfgang von Trips,2,1976,2,16
Alberto Ascari,14,1977,14,8
Bruce McLaren,6,1977,6,12
Carlos Reutemann,1,1977,0,17
Clay Regazzoni,6,1977,6,12
Denny Hulme,12,1977,12,9
Emerson Fittipaldi,28,1977,28,4
Graham Hill,27,1977,27,5
Jack Brabham,24,1977,24,6
Jackie Stewart,33,1977,33,3
James Hunt,1,1977,1,17
Jean Behra,1,1977,1,17
Jim Clark,22,1977,22,7
Jochen Rindt,8,1977,8,10
Jody Scheckter,6,1977,0,12
John Surtees,1,1977,1,17
Juan Fangio,35,1977,35,2
Lorenzo Bandini,1,1977,1,17
Luigi Musso,1,1977,1,17
Mario Andretti,1,1977,1,17
Maurice Trintignant,2,1977,2,16
Mike Hawthorn,5,1977,5,13
Niki Lauda,36,1977,26,1
Nino Farina,7,1977,7,11
Pedro Rodríguez,1,1977,1,17
Peter Collins,2,1977,2,16
Phil Hill,4,1977,4,14
Piero Taruffi,3,1977,3,15
Stirling Moss,7,1977,7,11
Wolfgang von Trips,2,1977,2,16
Alberto Ascari,14,1978,14,9
Bruce McLaren,6,1978,6,13
Carlos Reutemann,2,1978,1,17
Clay Regazzoni,6,1978,6,13
Denny Hulme,12,1978,12,10
Emerson Fittipaldi,28,1978,28,4
Graham Hill,27,1978,27,5
Jack Brabham,24,1978,24,6
Jackie Stewart,33,1978,33,3
James Hunt,1,1978,1,18
Jean Behra,1,1978,1,18
Jim Clark,22,1978,22,7
Jochen Rindt,8,1978,8,11
Jody Scheckter,6,1978,6,13
John Surtees,1,1978,1,18
Juan Fangio,35,1978,35,2
Lorenzo Bandini,1,1978,1,18
Luigi Musso,1,1978,1,18
Mario Andretti,15,1978,1,8
Maurice Trintignant,2,1978,2,17
Mike Hawthorn,5,1978,5,14
Niki Lauda,36,1978,36,1
Nino Farina,7,1978,7,12
Patrick Depailler,1,1978,0,18
Pedro Rodríguez,1,1978,1,18
Peter Collins,2,1978,2,17
Phil Hill,4,1978,4,15
Piero Taruffi,3,1978,3,16
Stirling Moss,7,1978,7,12
Wolfgang von Trips,2,1978,2,17
Alberto Ascari,14,1979,14,9
Bruce McLaren,6,1979,6,13
Carlos Reutemann,2,1979,2,17
Clay Regazzoni,6,1979,6,13
Denny Hulme,12,1979,12,10
Emerson Fittipaldi,28,1979,28,4
Gilles Villeneuve,2,1979,0,17
Graham Hill,27,1979,27,5
Jack Brabham,24,1979,24,6
Jackie Stewart,33,1979,33,3
Jacques Laffite,4,1979,0,15
James Hunt,1,1979,1,18
Jean Behra,1,1979,1,18
Jim Clark,22,1979,22,7
Jochen Rindt,8,1979,8,11
Jody Scheckter,15,1979,6,8
John Surtees,1,1979,1,18
Juan Fangio,35,1979,35,2
Lorenzo Bandini,1,1979,1,18
Luigi Musso,1,1979,1,18
Mario Andretti,15,1979,15,8
Maurice Trintignant,2,1979,2,17
Mike Hawthorn,5,1979,5,14
Niki Lauda,36,1979,36,1
Nino Farina,7,1979,7,12
Patrick Depailler,1,1979,1,18
Pedro Rodríguez,1,1979,1,18
Peter Collins,2,1979,2,17
Phil Hill,4,1979,4,15
Piero Taruffi,3,1979,3,16
Stirling Moss,7,1979,7,12
Wolfgang von Trips,2,1979,2,17
Alan Jones,9,1980,0,11
Alberto Ascari,14,1980,14,9
Bruce McLaren,6,1980,6,14
Carlos Reutemann,2,1980,2,18
Clay Regazzoni,6,1980,6,14
Denny Hulme,12,1980,12,10
Emerson Fittipaldi,28,1980,28,4
Gilles Villeneuve,2,1980,2,18
Graham Hill,27,1980,27,5
Jack Brabham,24,1980,24,6
Jackie Stewart,33,1980,33,3
Jacques Laffite,4,1980,4,16
James Hunt,1,1980,1,19
Jean Behra,1,1980,1,19
Jim Clark,22,1980,22,7
Jochen Rindt,8,1980,8,12
Jody Scheckter,15,1980,15,8
John Surtees,1,1980,1,19
Juan Fangio,35,1980,35,2
Lorenzo Bandini,1,1980,1,19
Luigi Musso,1,1980,1,19
Mario Andretti,15,1980,15,8
Maurice Trintignant,2,1980,2,18
Mike Hawthorn,5,1980,5,15
Nelson Piquet,2,1980,0,18
Niki Lauda,36,1980,36,1
Nino Farina,7,1980,7,13
Patrick Depailler,1,1980,1,19
Pedro Rodríguez,1,1980,1,19
Peter Collins,2,1980,2,18
Phil Hill,4,1980,4,16
Piero Taruffi,3,1980,3,17
René Arnoux,3,1980,0,17
Stirling Moss,7,1980,7,13
Wolfgang von Trips,2,1980,2,18
Alan Jones,11,1981,9,12
Alberto Ascari,14,1981,14,9
Bruce McLaren,6,1981,6,15
Carlos Reutemann,13,1981,2,10
Clay Regazzoni,6,1981,6,15
Denny Hulme,12,1981,12,11
Emerson Fittipaldi,28,1981,28,4
Gilles Villeneuve,2,1981,2,19
Graham Hill,27,1981,27,5
Jack Brabham,24,1981,24,6
Jackie Stewart,33,1981,33,3
Jacques Laffite,4,1981,4,17
James Hunt,1,1981,1,20
Jean Behra,1,1981,1,20
Jim Clark,22,1981,22,7
Jochen Rindt,8,1981,8,13
Jody Scheckter,15,1981,15,8
John Surtees,1,1981,1,20
Juan Fangio,35,1981,35,2
Lorenzo Bandini,1,1981,1,20
Luigi Musso,1,1981,1,20
Mario Andretti,15,1981,15,8
Maurice Trintignant,2,1981,2,19
Mike Hawthorn,5,1981,5,16
Nelson Piquet,4,1981,2,17
Niki Lauda,36,1981,36,1
Nino Farina,7,1981,7,14
Patrick Depailler,1,1981,1,20
Pedro Rodríguez,1,1981,1,20
Peter Collins,2,1981,2,19
Phil Hill,4,1981,4,17
Piero Taruffi,3,1981,3,18
René Arnoux,3,1981,3,18
Stirling Moss,7,1981,7,14
Wolfgang von Trips,2,1981,2,19
Alain Prost,6,1982,0,15
Alan Jones,11,1982,11,12
Alberto Ascari,14,1982,14,9
Bruce McLaren,6,1982,6,15
Carlos Reutemann,13,1982,13,10
Clay Regazzoni,6,1982,6,15
Denny Hulme,12,1982,12,11
Didier Pironi,4,1982,0,17
Emerson Fittipaldi,28,1982,28,4
Gilles Villeneuve,2,1982,2,19
Graham Hill,27,1982,27,5
Jack Brabham,24,1982,24,6
Jackie Stewart,33,1982,33,3
Jacques Laffite,4,1982,4,17
James Hunt,1,1982,1,20
Jean Behra,1,1982,1,20
Jim Clark,22,1982,22,7
Jochen Rindt,8,1982,8,13
Jody Scheckter,15,1982,15,8
John Surtees,1,1982,1,20
John Watson,3,1982,0,18
Juan Fangio,35,1982,35,2
Keke Rosberg,3,1982,0,18
Lorenzo Bandini,1,1982,1,20
Luigi Musso,1,1982,1,20
Mario Andretti,15,1982,15,8
Maurice Trintignant,2,1982,2,19
Mike Hawthorn,5,1982,5,16
Nelson Piquet,4,1982,4,17
Niki Lauda,36,1982,36,1
Nino Farina,7,1982,7,14
Patrick Depailler,1,1982,1,20
Pedro Rodríguez,1,1982,1,20
Peter Collins,2,1982,2,19
Phil Hill,4,1982,4,17
Piero Taruffi,3,1982,3,18
René Arnoux,3,1982,3,18
Stirling Moss,7,1982,7,14
Wolfgang von Trips,2,1982,2,19
Alain Prost,16,1983,6,8
Alan Jones,11,1983,11,13
Alberto Ascari,14,1983,14,10
Bruce McLaren,6,1983,6,16
Carlos Reutemann,13,1983,13,11
Clay Regazzoni,6,1983,6,16
Denny Hulme,12,1983,12,12
Didier Pironi,4,1983,4,18
Emerson Fittipaldi,28,1983,28,4
Gilles Villeneuve,2,1983,2,20
Graham Hill,27,1983,27,5
Jack Brabham,24,1983,24,6
Jackie Stewart,33,1983,33,3
Jacques Laffite,4,1983,4,18
James Hunt,1,1983,1,21
Jean Behra,1,1983,1,21
Jim Clark,22,1983,22,7
Jochen Rindt,8,1983,8,14
Jody Scheckter,15,1983,15,9
John Surtees,1,1983,1,21
John Watson,3,1983,3,19
Juan Fangio,35,1983,35,2
Keke Rosberg,3,1983,3,19
Lorenzo Bandini,1,1983,1,21
Luigi Musso,1,1983,1,21
Mario Andretti,15,1983,15,9
Maurice Trintignant,2,1983,2,20
Mike Hawthorn,5,1983,5,17
Nelson Piquet,8,1983,4,14
Niki Lauda,37,1983,36,1
Nino Farina,7,1983,7,15
Patrick Depailler,1,1983,1,21
Pedro Rodríguez,1,1983,1,21
Peter Collins,2,1983,2,20
Phil Hill,4,1983,4,18
Piero Taruffi,3,1983,3,19
René Arnoux,3,1983,3,19
Stirling Moss,7,1983,7,15
Wolfgang von Trips,2,1983,2,20
Alain Prost,27,1984,16,5
Alan Jones,11,1984,11,12
Alberto Ascari,14,1984,14,9
Bruce McLaren,6,1984,6,15
Carlos Reutemann,13,1984,13,10
Clay Regazzoni,6,1984,6,15
Denny Hulme,12,1984,12,11
Didier Pironi,4,1984,4,17
Emerson Fittipaldi,28,1984,28,4
Gilles Villeneuve,2,1984,2,19
Graham Hill,27,1984,27,5
Jack Brabham,24,1984,24,6
Jackie Stewart,33,1984,33,3
Jacques Laffite,4,1984,4,17
James Hunt,1,1984,1,20
Jean Behra,1,1984,1,20
Jim Clark,22,1984,22,7
Jochen Rindt,8,1984,8,13
Jody Scheckter,15,1984,15,8
John Surtees,1,1984,1,20
John Watson,3,1984,3,18
Juan Fangio,35,1984,35,2
Keke Rosberg,3,1984,3,18
Lorenzo Bandini,1,1984,1,20
Luigi Musso,1,1984,1,20
Mario Andretti,15,1984,15,8
Maurice Trintignant,2,1984,2,19
Mike Hawthorn,5,1984,5,16
Nelson Piquet,8,1984,8,13
Niki Lauda,42,1984,37,1
Nino Farina,7,1984,7,14
Patrick Depailler,1,1984,1,20
Pedro Rodríguez,1,1984,1,20
Peter Collins,2,1984,2,19
Phil Hill,4,1984,4,17
Piero Taruffi,3,1984,3,18
René Arnoux,3,1984,3,18
Stirling Moss,7,1984,7,14
Wolfgang von Trips,2,1984,2,19
Alain Prost,35,1985,27,2
Alan Jones,11,1985,11,12
Alberto Ascari,14,1985,14,9
Bruce McLaren,6,1985,6,15
Carlos Reutemann,13,1985,13,10
Clay Regazzoni,6,1985,6,15
Denny Hulme,12,1985,12,11
Didier Pironi,4,1985,4,17
Elio de Angelis,2,1985,0,19
Emerson Fittipaldi,28,1985,28,4
Gilles Villeneuve,2,1985,2,19
Graham Hill,27,1985,27,5
Jack Brabham,24,1985,24,6
Jackie Stewart,33,1985,33,3
Jacques Laffite,4,1985,4,17
James Hunt,1,1985,1,20
Jean Behra,1,1985,1,20
Jim Clark,22,1985,22,7
Jochen Rindt,8,1985,8,13
Jody Scheckter,15,1985,15,8
John Surtees,1,1985,1,20
John Watson,3,1985,3,18
Juan Fangio,35,1985,35,2
Keke Rosberg,3,1985,3,18
Lorenzo Bandini,1,1985,1,20
Luigi Musso,1,1985,1,20
Mario Andretti,15,1985,15,8
Maurice Trintignant,2,1985,2,19
Michele Alboreto,6,1985,0,15
Mike Hawthorn,5,1985,5,16
Nelson Piquet,8,1985,8,13
Niki Lauda,42,1985,42,1
Nino Farina,7,1985,7,14
Patrick Depailler,1,1985,1,20
Pedro Rodríguez,1,1985,1,20
Peter Collins,2,1985,2,19
Phil Hill,4,1985,4,17
Piero Taruffi,3,1985,3,18
René Arnoux,3,1985,3,18
Stirling Moss,7,1985,7,14
Wolfgang von Trips,2,1985,2,19
Alain Prost,39,1986,35,2
Alan Jones,11,1986,11,13
Alberto Ascari,14,1986,14,10
Ayrton Senna,3,1986,0,20
Bruce McLaren,6,1986,6,17
Carlos Reutemann,13,1986,13,11
Clay Regazzoni,6,1986,6,17
Denny Hulme,12,1986,12,12
Didier Pironi,4,1986,4,19
Elio de Angelis,2,1986,2,21
Emerson Fittipaldi,28,1986,28,5
Gilles Villeneuve,2,1986,2,21
Graham Hill,27,1986,27,6
Jack Brabham,24,1986,24,7
Jackie Stewart,33,1986,33,4
Jacques Laffite,4,1986,4,19
James Hunt,1,1986,1,22
Jean Behra,1,1986,1,22
Jim Clark,22,1986,22,8
Jochen Rindt,8,1986,8,15
Jody Scheckter,15,1986,15,9
John Surtees,1,1986,1,22
John Watson,3,1986,3,20
Juan Fangio,35,1986,35,3
Keke Rosberg,3,1986,3,20
Lorenzo Bandini,1,1986,1,22
Luigi Musso,1,1986,1,22
Mario Andretti,15,1986,15,9
Maurice Trintignant,2,1986,2,21
Michele Alboreto,6,1986,6,17
Mike Hawthorn,5,1986,5,18
Nelson Piquet,10,1986,8,14
Nigel Mansell,7,1986,0,16
Niki Lauda,42,1986,42,1
Nino Farina,7,1986,7,16
Patrick Depailler,1,1986,1,22
Pedro Rodríguez,1,1986,1,22
Peter Collins,2,1986,2,21
Phil Hill,4,1986,4,19
Piero Taruffi,3,1986,3,20
René Arnoux,3,1986,3,20
Stirling Moss,7,1986,7,16
Wolfgang von Trips,2,1986,2,21
Alain Prost,42,1987,39,1
Alan Jones,11,1987,11,13
Alberto Ascari,14,1987,14,10
Ayrton Senna,6,1987,3,16
Bruce McLaren,6,1987,6,16
Carlos Reutemann,13,1987,13,11
Clay Regazzoni,6,1987,6,16
Denny Hulme,12,1987,12,12
Didier Pironi,4,1987,4,18
Elio de Angelis,2,1987,2,20
Emerson Fittipaldi,28,1987,28,4
Gilles Villeneuve,2,1987,2,20
Graham Hill,27,1987,27,5
Jack Brabham,24,1987,24,6
Jackie Stewart,33,1987,33,3
Jacques Laffite,4,1987,4,18
James Hunt,1,1987,1,21
Jean Behra,1,1987,1,21
Jim Clark,22,1987,22,7
Jochen Rindt,8,1987,8,14
Jody Scheckter,15,1987,15,9
John Surtees,1,1987,1,21
John Watson,3,1987,3,19
Juan Fangio,35,1987,35,2
Keke Rosberg,3,1987,3,19
Lorenzo Bandini,1,1987,1,21
Luigi Musso,1,1987,1,21
Mario Andretti,15,1987,15,9
Maurice Trintignant,2,1987,2,20
Michele Alboreto,6,1987,6,16
Mike Hawthorn,5,1987,5,17
Nelson Piquet,19,1987,10,8
Nigel Mansell,8,1987,7,14
Niki Lauda,42,1987,42,1
Nino Farina,7,1987,7,15
Patrick Depailler,1,1987,1,21
Pedro Rodríguez,1,1987,1,21
Peter Collins,2,1987,2,20
Phil Hill,4,1987,4,18
Piero Taruffi,3,1987,3,19
René Arnoux,3,1987,3,19
Stirling Moss,7,1987,7,15
Wolfgang von Trips,2,1987,2,20
Alain Prost,53,1988,42,1
Alan Jones,11,1988,11,14
Alberto Ascari,14,1988,14,11
Ayrton Senna,11,1988,6,14
Bruce McLaren,6,1988,6,17
Carlos Reutemann,13,1988,13,12
Clay Regazzoni,6,1988,6,17
Denny Hulme,12,1988,12,13
Didier Pironi,4,1988,4,19
Elio de Angelis,2,1988,2,21
Emerson Fittipaldi,28,1988,28,5
Gilles Villeneuve,2,1988,2,21
Graham Hill,27,1988,27,6
Jack Brabham,24,1988,24,7
Jackie Stewart,33,1988,33,4
Jacques Laffite,4,1988,4,19
James Hunt,1,1988,1,22
Jean Behra,1,1988,1,22
Jim Clark,22,1988,22,8
Jochen Rindt,8,1988,8,15
Jody Scheckter,15,1988,15,10
John Surtees,1,1988,1,22
John Watson,3,1988,3,20
Juan Fangio,35,1988,35,3
Keke Rosberg,3,1988,3,20
Lorenzo Bandini,1,1988,1,22
Luigi Musso,1,1988,1,22
Mario Andretti,15,1988,15,10
Maurice Trintignant,2,1988,2,21
Michele Alboreto,6,1988,6,17
Mike Hawthorn,5,1988,5,18
Nelson Piquet,19,1988,19,9
Nigel Mansell,8,1988,8,15
Niki Lauda,42,1988,42,2
Nino Farina,7,1988,7,16
Patrick Depailler,1,1988,1,22
Pedro Rodríguez,1,1988,1,22
Peter Collins,2,1988,2,21
Phil Hill,4,1988,4,19
Piero Taruffi,3,1988,3,20
René Arnoux,3,1988,3,20
Stirling Moss,7,1988,7,16
Wolfgang von Trips,2,1988,2,21
Alain Prost,66,1989,53,1
Alan Jones,11,1989,11,14
Alberto Ascari,14,1989,14,11
Ayrton Senna,13,1989,11,12
Bruce McLaren,6,1989,6,18
Carlos Reutemann,13,1989,13,12
Clay Regazzoni,6,1989,6,18
Denny Hulme,12,1989,12,13
Didier Pironi,4,1989,4,20
Elio de Angelis,2,1989,2,22
Emerson Fittipaldi,28,1989,28,5
Gilles Villeneuve,2,1989,2,22
Graham Hill,27,1989,27,6
Jack Brabham,24,1989,24,7
Jackie Stewart,33,1989,33,4
Jacques Laffite,4,1989,4,20
James Hunt,1,1989,1,23
Jean Behra,1,1989,1,23
Jim Clark,22,1989,22,8
Jochen Rindt,8,1989,8,16
Jody Scheckter,15,1989,15,10
John Surtees,1,1989,1,23
John Watson,3,1989,3,21
Juan Fangio,35,1989,35,3
Keke Rosberg,3,1989,3,21
Lorenzo Bandini,1,1989,1,23
Luigi Musso,1,1989,1,23
Mario Andretti,15,1989,15,10
Maurice Trintignant,2,1989,2,22
Michele Alboreto,6,1989,6,18
Mike Hawthorn,5,1989,5,19
Nelson Piquet,19,1989,19,9
Nigel Mansell,9,1989,8,15
Niki Lauda,42,1989,42,2
Nino Farina,7,1989,7,17
Patrick Depailler,1,1989,1,23
Pedro Rodríguez,1,1989,1,23
Peter Collins,2,1989,2,22
Phil Hill,4,1989,4,20
Piero Taruffi,3,1989,3,21
René Arnoux,3,1989,3,21
Stirling Moss,7,1989,7,17
Wolfgang von Trips,2,1989,2,22
Alain Prost,67,1990,66,1
Alan Jones,11,1990,11,14
Alberto Ascari,14,1990,14,11
Ayrton Senna,28,1990,13,5
Bruce McLaren,6,1990,6,18
Carlos Reutemann,13,1990,13,12
Clay Regazzoni,6,1990,6,18
Denny Hulme,12,1990,12,13
Didier Pironi,4,1990,4,20
Elio de Angelis,2,1990,2,22
Emerson Fittipaldi,28,1990,28,5
Gilles Villeneuve,2,1990,2,22
Graham Hill,27,1990,27,6
Jack Brabham,24,1990,24,7
Jackie Stewart,33,1990,33,4
Jacques Laffite,4,1990,4,20
James Hunt,1,1990,1,23
Jean Behra,1,1990,1,23
Jim Clark,22,1990,22,8
Jochen Rindt,8,1990,8,16
Jody Scheckter,15,1990,15,10
John Surtees,1,1990,1,23
John Watson,3,1990,3,21
Juan Fangio,35,1990,35,3
Keke Rosberg,3,1990,3,21
Lorenzo Bandini,1,1990,1,23
Luigi Musso,1,1990,1,23
Mario Andretti,15,1990,15,10
Maurice Trintignant,2,1990,2,22
Michele Alboreto,6,1990,6,18
Mike Hawthorn,5,1990,5,19
Nelson Piquet,19,1990,19,9
Nigel Mansell,9,1990,9,15
Niki Lauda,42,1990,42,2
Nino Farina,7,1990,7,17
Patrick Depailler,1,1990,1,23
Pedro Rodríguez,1,1990,1,23
Peter Collins,2,1990,2,22
Phil Hill,4,1990,4,20
Piero Taruffi,3,1990,3,21
René Arnoux,3,1990,3,21
Stirling Moss,7,1990,7,17
Wolfgang von Trips,2,1990,2,22
Alain Prost,67,1991,67,1
Alan Jones,11,1991,11,15
Alberto Ascari,14,1991,14,12
Ayrton Senna,44,1991,28,2
Bruce McLaren,6,1991,6,19
Carlos Reutemann,13,1991,13,13
Clay Regazzoni,6,1991,6,19
Denny Hulme,12,1991,12,14
Didier Pironi,4,1991,4,21
Elio de Angelis,2,1991,2,23
Emerson Fittipaldi,28,1991,28,6
Gilles Villeneuve,2,1991,2,23
Graham Hill,27,1991,27,7
Jack Brabham,24,1991,24,8
Jackie Stewart,33,1991,33,5
Jacques Laffite,4,1991,4,21
James Hunt,1,1991,1,24
Jean Behra,1,1991,1,24
Jim Clark,22,1991,22,9
Jochen Rindt,8,1991,8,17
Jody Scheckter,15,1991,15,11
John Surtees,1,1991,1,24
John Watson,3,1991,3,22
Juan Fangio,35,1991,35,4
Keke Rosberg,3,1991,3,22
Lorenzo Bandini,1,1991,1,24
Luigi Musso,1,1991,1,24
Mario Andretti,15,1991,15,11
Maurice Trintignant,2,1991,2,23
Michele Alboreto,6,1991,6,19
Mike Hawthorn,5,1991,5,20
Nelson Piquet,19,1991,19,10
Nigel Mansell,9,1991,9,16
Niki Lauda,42,1991,42,3
Nino Farina,7,1991,7,18
Patrick Depailler,1,1991,1,24
Pedro Rodríguez,1,1991,1,24
Peter Collins,2,1991,2,23
Phil Hill,4,1991,4,21
Piero Taruffi,3,1991,3,22
René Arnoux,3,1991,3,22
Stirling Moss,7,1991,7,18
Wolfgang von Trips,2,1991,2,23
Alain Prost,67,1992,67,1
Alan Jones,11,1992,11,16
Alberto Ascari,14,1992,14,13
Ayrton Senna,44,1992,44,2
Bruce McLaren,6,1992,6,19
Carlos Reutemann,13,1992,13,14
Clay Regazzoni,6,1992,6,19
Denny Hulme,12,1992,12,15
Didier Pironi,4,1992,4,21
Elio de Angelis,2,1992,2,23
Emerson Fittipaldi,28,1992,28,6
Gilles Villeneuve,2,1992,2,23
Graham Hill,27,1992,27,7
Jack Brabham,24,1992,24,9
Jackie Stewart,33,1992,33,5
Jacques Laffite,4,1992,4,21
James Hunt,1,1992,1,24
Jean Behra,1,1992,1,24
Jim Clark,22,1992,22,10
Jochen Rindt,8,1992,8,17
Jody Scheckter,15,1992,15,12
John Surtees,1,1992,1,24
John Watson,3,1992,3,22
Juan Fangio,35,1992,35,4
Keke Rosberg,3,1992,3,22
Lorenzo Bandini,1,1992,1,24
Luigi Musso,1,1992,1,24
Mario Andretti,15,1992,15,12
Maurice Trintignant,2,1992,2,23
Michele Alboreto,6,1992,6,19
Mike Hawthorn,5,1992,5,20
Nelson Piquet,19,1992,19,11
Nigel Mansell,25,1992,9,8
Niki Lauda,42,1992,42,3
Nino Farina,7,1992,7,18
Patrick Depailler,1,1992,1,24
Pedro Rodríguez,1,1992,1,24
Peter Collins,2,1992,2,23
Phil Hill,4,1992,4,21
Piero Taruffi,3,1992,3,22
René Arnoux,3,1992,3,22
Stirling Moss,7,1992,7,18
Wolfgang von Trips,2,1992,2,23
Alain Prost,79,1993,67,1
Alan Jones,11,1993,11,16
Alberto Ascari,14,1993,14,13
Ayrton Senna,48,1993,44,2
Bruce McLaren,6,1993,6,19
Carlos Reutemann,13,1993,13,14
Clay Regazzoni,6,1993,6,19
Denny Hulme,12,1993,12,15
Didier Pironi,4,1993,4,21
Elio de Angelis,2,1993,2,23
Emerson Fittipaldi,28,1993,28,6
Gilles Villeneuve,2,1993,2,23
Graham Hill,27,1993,27,7
Jack Brabham,24,1993,24,9
Jackie Stewart,33,1993,33,5
Jacques Laffite,4,1993,4,21
James Hunt,1,1993,1,24
Jean Behra,1,1993,1,24
Jim Clark,22,1993,22,10
Jochen Rindt,8,1993,8,17
Jody Scheckter,15,1993,15,12
John Surtees,1,1993,1,24
John Watson,3,1993,3,22
Juan Fangio,35,1993,35,4
Keke Rosberg,3,1993,3,22
Lorenzo Bandini,1,1993,1,24
Luigi Musso,1,1993,1,24
Mario Andretti,15,1993,15,12
Maurice Trintignant,2,1993,2,23
Michele Alboreto,6,1993,6,19
Mike Hawthorn,5,1993,5,20
Nelson Piquet,19,1993,19,11
Nigel Mansell,25,1993,25,8
Niki Lauda,42,1993,42,3
Nino Farina,7,1993,7,18
Patrick Depailler,1,1993,1,24
Pedro Rodríguez,1,1993,1,24
Peter Collins,2,1993,2,23
Phil Hill,4,1993,4,21
Piero Taruffi,3,1993,3,22
René Arnoux,3,1993,3,22
Stirling Moss,7,1993,7,18
Wolfgang von Trips,2,1993,2,23
Alain Prost,79,1994,79,1
Alan Jones,11,1994,11,17
Alberto Ascari,14,1994,14,14
Ayrton Senna,48,1994,48,2
Bruce McLaren,6,1994,6,20
Carlos Reutemann,13,1994,13,15
Clay Regazzoni,6,1994,6,20
Denny Hulme,12,1994,12,16
Didier Pironi,4,1994,4,22
Elio de Angelis,2,1994,2,24
Emerson Fittipaldi,28,1994,28,6
Gilles Villeneuve,2,1994,2,24
Graham Hill,27,1994,27,7
Jack Brabham,24,1994,24,9
Jackie Stewart,33,1994,33,5
Jacques Laffite,4,1994,4,22
James Hunt,1,1994,1,25
Jean Behra,1,1994,1,25
Jim Clark,22,1994,22,10
Jochen Rindt,8,1994,8,18
Jody Scheckter,15,1994,15,13
John Surtees,1,1994,1,25
John Watson,3,1994,3,23
Juan Fangio,35,1994,35,4
Keke Rosberg,3,1994,3,23
Lorenzo Bandini,1,1994,1,25
Luigi Musso,1,1994,1,25
Mario Andretti,15,1994,15,13
Maurice Trintignant,2,1994,2,24
Michael Schumacher,16,1994,0,12
Michele Alboreto,6,1994,6,20
Mike Hawthorn,5,1994,5,21
Nelson Piquet,19,1994,19,11
Nigel Mansell,25,1994,25,8
Niki Lauda,42,1994,42,3
Nino Farina,7,1994,7,19
Patrick Depailler,1,1994,1,25
Pedro Rodríguez,1,1994,1,25
Peter Collins,2,1994,2,24
Phil Hill,4,1994,4,22
Piero Taruffi,3,1994,3,23
René Arnoux,3,1994,3,23
Stirling Moss,7,1994,7,19
Wolfgang von Trips,2,1994,2,24
Alain Prost,79,1995,79,1
Alan Jones,11,1995,11,17
Alberto Ascari,14,1995,14,14
Ayrton Senna,48,1995,48,2
Bruce McLaren,6,1995,6,20
Carlos Reutemann,13,1995,13,15
Clay Regazzoni,6,1995,6,20
Damon Hill,1,1995,0,25
Denny Hulme,12,1995,12,16
Didier Pironi,4,1995,4,22
Elio de Angelis,2,1995,2,24
Emerson Fittipaldi,28,1995,28,7
Gilles Villeneuve,2,1995,2,24
Graham Hill,27,1995,27,8
Jack Brabham,24,1995,24,10
Jackie Stewart,33,1995,33,5
Jacques Laffite,4,1995,4,22
James Hunt,1,1995,1,25
Jean Behra,1,1995,1,25
Jim Clark,22,1995,22,11
Jochen Rindt,8,1995,8,18
Jody Scheckter,15,1995,15,13
John Surtees,1,1995,1,25
John Watson,3,1995,3,23
Juan Fangio,35,1995,35,4
Keke Rosberg,3,1995,3,23
Lorenzo Bandini,1,1995,1,25
Luigi Musso,1,1995,1,25
Mario Andretti,15,1995,15,13
Maurice Trintignant,2,1995,2,24
Michael Schumacher,32,1995,16,6
Michele Alboreto,6,1995,6,20
Mike Hawthorn,5,1995,5,21
Nelson Piquet,19,1995,19,12
Nigel Mansell,25,1995,25,9
Niki Lauda,42,1995,42,3
Nino Farina,7,1995,7,19
Patrick Depailler,1,1995,1,25
Pedro Rodríguez,1,1995,1,25
Peter Collins,2,1995,2,24
Phil Hill,4,1995,4,22
Piero Taruffi,3,1995,3,23
René Arnoux,3,1995,3,23
Stirling Moss,7,1995,7,19
Wolfgang von Trips,2,1995,2,24
Alain Prost,79,1996,79,1
Alan Jones,11,1996,11,18
Alberto Ascari,14,1996,14,15
Ayrton Senna,48,1996,48,2
Bruce McLaren,6,1996,6,21
Carlos Reutemann,13,1996,13,16
Clay Regazzoni,6,1996,6,21
Damon Hill,17,1996,1,13
Denny Hulme,12,1996,12,17
Didier Pironi,4,1996,4,23
Elio de Angelis,2,1996,2,25
Emerson Fittipaldi,28,1996,28,7
Gilles Villeneuve,2,1996,2,25
Graham Hill,27,1996,27,8
Jack Brabham,24,1996,24,10
Jackie Stewart,33,1996,33,5
Jacques Laffite,4,1996,4,23
James Hunt,1,1996,1,26
Jean Behra,1,1996,1,26
Jim Clark,22,1996,22,11
Jochen Rindt,8,1996,8,19
Jody Scheckter,15,1996,15,14
John Surtees,1,1996,1,26
John Watson,3,1996,3,24
Juan Fangio,35,1996,35,4
Keke Rosberg,3,1996,3,24
Lorenzo Bandini,1,1996,1,26
Luigi Musso,1,1996,1,26
Mario Andretti,15,1996,15,14
Maurice Trintignant,2,1996,2,25
Michael Schumacher,32,1996,32,6
Michele Alboreto,6,1996,6,21
Mike Hawthorn,5,1996,5,22
Nelson Piquet,19,1996,19,12
Nigel Mansell,25,1996,25,9
Niki Lauda,42,1996,42,3
Nino Farina,7,1996,7,20
Patrick Depailler,1,1996,1,26
Pedro Rodríguez,1,1996,1,26
Peter Collins,2,1996,2,25
Phil Hill,4,1996,4,23
Piero Taruffi,3,1996,3,24
René Arnoux,3,1996,3,24
Stirling Moss,7,1996,7,20
Wolfgang von Trips,2,1996,2,25
Alain Prost,79,1997,79,1
Alan Jones,11,1997,11,17
Alberto Ascari,14,1997,14,14
Ayrton Senna,48,1997,48,2
Bruce McLaren,6,1997,6,20
Carlos Reutemann,13,1997,13,15
Clay Regazzoni,6,1997,6,20
Damon Hill,17,1997,17,12
David Coulthard,2,1997,0,24
Denny Hulme,12,1997,12,16
Didier Pironi,4,1997,4,22
Elio de Angelis,2,1997,2,24
Emerson Fittipaldi,28,1997,28,6
Gilles Villeneuve,2,1997,2,24
Graham Hill,27,1997,27,7
Jack Brabham,24,1997,24,9
Jackie Stewart,33,1997,33,5
Jacques Laffite,4,1997,4,22
Jacques Villeneuve,5,1997,0,21
James Hunt,1,1997,1,25
Jean Behra,1,1997,1,25
Jim Clark,22,1997,22,10
Jochen Rindt,8,1997,8,18
Jody Scheckter,15,1997,15,13
John Surtees,1,1997,1,25
John Watson,3,1997,3,23
Juan Fangio,35,1997,35,4
Keke Rosberg,3,1997,3,23
Lorenzo Bandini,1,1997,1,25
Luigi Musso,1,1997,1,25
Mario Andretti,15,1997,15,13
Maurice Trintignant,2,1997,2,24
Michael Schumacher,42,1997,32,3
Michele Alboreto,6,1997,6,20
Mike Hawthorn,5,1997,5,21
Nelson Piquet,19,1997,19,11
Nigel Mansell,25,1997,25,8
Niki Lauda,42,1997,42,3
Nino Farina,7,1997,7,19
Patrick Depailler,1,1997,1,25
Pedro Rodríguez,1,1997,1,25
Peter Collins,2,1997,2,24
Phil Hill,4,1997,4,22
Piero Taruffi,3,1997,3,23
René Arnoux,3,1997,3,23
Stirling Moss,7,1997,7,19
Wolfgang von Trips,2,1997,2,24
Alain Prost,79,1998,79,1
Alan Jones,11,1998,11,18
Alberto Ascari,14,1998,14,15
Ayrton Senna,48,1998,48,2
Bruce McLaren,6,1998,6,21
Carlos Reutemann,13,1998,13,16
Clay Regazzoni,6,1998,6,21
Damon Hill,17,1998,17,12
David Coulthard,2,1998,2,25
Denny Hulme,12,1998,12,17
Didier Pironi,4,1998,4,23
Elio de Angelis,2,1998,2,25
Emerson Fittipaldi,28,1998,28,6
Gilles Villeneuve,2,1998,2,25
Graham Hill,27,1998,27,7
Jack Brabham,24,1998,24,9
Jackie Stewart,33,1998,33,5
Jacques Laffite,4,1998,4,23
Jacques Villeneuve,5,1998,5,22
James Hunt,1,1998,1,26
Jean Behra,1,1998,1,26
Jim Clark,22,1998,22,10
Jochen Rindt,8,1998,8,19
Jody Scheckter,15,1998,15,14
John Surtees,1,1998,1,26
John Watson,3,1998,3,24
Juan Fangio,35,1998,35,4
Keke Rosberg,3,1998,3,24
Lorenzo Bandini,1,1998,1,26
Luigi Musso,1,1998,1,26
Mario Andretti,15,1998,15,14
Maurice Trintignant,2,1998,2,25
Michael Schumacher,42,1998,42,3
Michele Alboreto,6,1998,6,21
Mika Häkkinen,16,1998,0,13
Mike Hawthorn,5,1998,5,22
Nelson Piquet,19,1998,19,11
Nigel Mansell,25,1998,25,8
Niki Lauda,42,1998,42,3
Nino Farina,7,1998,7,20
Patrick Depailler,1,1998,1,26
Pedro Rodríguez,1,1998,1,26
Peter Collins,2,1998,2,25
Phil Hill,4,1998,4,23
Piero Taruffi,3,1998,3,24
René Arnoux,3,1998,3,24
Stirling Moss,7,1998,7,20
Wolfgang von Trips,2,1998,2,25
Alain Prost,79,1999,79,1
Alan Jones,11,1999,11,18
Alberto Ascari,14,1999,14,15
Ayrton Senna,48,1999,48,2
Bruce McLaren,6,1999,6,21
Carlos Reutemann,13,1999,13,16
Clay Regazzoni,6,1999,6,21
Damon Hill,17,1999,17,13
David Coulthard,2,1999,2,25
Denny Hulme,12,1999,12,17
Didier Pironi,4,1999,4,23
Eddie Irvine,5,1999,0,22
Elio de Angelis,2,1999,2,25
Emerson Fittipaldi,28,1999,28,7
Gilles Villeneuve,2,1999,2,25
Graham Hill,27,1999,27,8
Jack Brabham,24,1999,24,10
Jackie Stewart,33,1999,33,6
Jacques Laffite,4,1999,4,23
Jacques Villeneuve,5,1999,5,22
James Hunt,1,1999,1,26
Jean Behra,1,1999,1,26
Jim Clark,22,1999,22,11
Jochen Rindt,8,1999,8,19
Jody Scheckter,15,1999,15,14
John Surtees,1,1999,1,26
John Watson,3,1999,3,24
Juan Fangio,35,1999,35,5
Keke Rosberg,3,1999,3,24
Lorenzo Bandini,1,1999,1,26
Luigi Musso,1,1999,1,26
Mario Andretti,15,1999,15,14
Maurice Trintignant,2,1999,2,25
Michael Schumacher,45,1999,42,3
Michele Alboreto,6,1999,6,21
Mika Häkkinen,24,1999,16,10
Mike Hawthorn,5,1999,5,22
Nelson Piquet,19,1999,19,12
Nigel Mansell,25,1999,25,9
Niki Lauda,42,1999,42,4
Nino Farina,7,1999,7,20
Patrick Depailler,1,1999,1,26
Pedro Rodríguez,1,1999,1,26
Peter Collins,2,1999,2,25
Phil Hill,4,1999,4,23
Piero Taruffi,3,1999,3,24
René Arnoux,3,1999,3,24
Stirling Moss,7,1999,7,20
Wolfgang von Trips,2,1999,2,25
Alain Prost,79,2000,79,1
Alan Jones,11,2000,11,18
Alberto Ascari,14,2000,14,15
Ayrton Senna,48,2000,48,3
Bruce McLaren,6,2000,6,21
Carlos Reutemann,13,2000,13,16
Clay Regazzoni,6,2000,6,21
Damon Hill,17,2000,17,13
David Coulthard,2,2000,2,25
Denny Hulme,12,2000,12,17
Didier Pironi,4,2000,4,23
Eddie Irvine,5,2000,5,22
Elio de Angelis,2,2000,2,25
Emerson Fittipaldi,28,2000,28,7
Gilles Villeneuve,2,2000,2,25
Graham Hill,27,2000,27,8
Jack Brabham,24,2000,24,10
Jackie Stewart,33,2000,33,6
Jacques Laffite,4,2000,4,23
Jacques Villeneuve,5,2000,5,22
James Hunt,1,2000,1,26
Jean Behra,1,2000,1,26
Jim Clark,22,2000,22,11
Jochen Rindt,8,2000,8,19
Jody Scheckter,15,2000,15,14
John Surtees,1,2000,1,26
John Watson,3,2000,3,24
Juan Fangio,35,2000,35,5
Keke Rosberg,3,2000,3,24
Lorenzo Bandini,1,2000,1,26
Luigi Musso,1,2000,1,26
Mario Andretti,15,2000,15,14
Maurice Trintignant,2,2000,2,25
Michael Schumacher,59,2000,45,2
Michele Alboreto,6,2000,6,21
Mika Häkkinen,27,2000,24,8
Mike Hawthorn,5,2000,5,22
Nelson Piquet,19,2000,19,12
Nigel Mansell,25,2000,25,9
Niki Lauda,42,2000,42,4
Nino Farina,7,2000,7,20
Patrick Depailler,1,2000,1,26
Pedro Rodríguez,1,2000,1,26
Peter Collins,2,2000,2,25
Phil Hill,4,2000,4,23
Piero Taruffi,3,2000,3,24
René Arnoux,3,2000,3,24
Stirling Moss,7,2000,7,20
Wolfgang von Trips,2,2000,2,25
Alain Prost,79,2001,79,1
Alan Jones,11,2001,11,18
Alberto Ascari,14,2001,14,15
Ayrton Senna,48,2001,48,3
Bruce McLaren,6,2001,6,21
Carlos Reutemann,13,2001,13,16
Clay Regazzoni,6,2001,6,21
Damon Hill,17,2001,17,13
David Coulthard,2,2001,2,25
Denny Hulme,12,2001,12,17
Didier Pironi,4,2001,4,23
Eddie Irvine,5,2001,5,22
Elio de Angelis,2,2001,2,25
Emerson Fittipaldi,28,2001,28,7
Gilles Villeneuve,2,2001,2,25
Graham Hill,27,2001,27,8
Jack Brabham,24,2001,24,10
Jackie Stewart,33,2001,33,6
Jacques Laffite,4,2001,4,23
Jacques Villeneuve,5,2001,5,22
James Hunt,1,2001,1,26
Jean Behra,1,2001,1,26
Jim Clark,22,2001,22,11
Jochen Rindt,8,2001,8,19
Jody Scheckter,15,2001,15,14
John Surtees,1,2001,1,26
John Watson,3,2001,3,24
Juan Fangio,35,2001,35,5
Keke Rosberg,3,2001,3,24
Lorenzo Bandini,1,2001,1,26
Luigi Musso,1,2001,1,26
Mario Andretti,15,2001,15,14
Maurice Trintignant,2,2001,2,25
Michael Schumacher,76,2001,59,2
Michele Alboreto,6,2001,6,21
Mika Häkkinen,27,2001,27,8
Mike Hawthorn,5,2001,5,22
Nelson Piquet,19,2001,19,12
Nigel Mansell,25,2001,25,9
Niki Lauda,42,2001,42,4
Nino Farina,7,2001,7,20
Patrick Depailler,1,2001,1,26
Pedro Rodríguez,1,2001,1,26
Peter Collins,2,2001,2,25
Phil Hill,4,2001,4,23
Piero Taruffi,3,2001,3,24
René Arnoux,3,2001,3,24
Stirling Moss,7,2001,7,20
Wolfgang von Trips,2,2001,2,25
Alain Prost,79,2002,79,2
Alan Jones,11,2002,11,18
Alberto Ascari,14,2002,14,15
Ayrton Senna,48,2002,48,3
Bruce McLaren,6,2002,6,21
Carlos Reutemann,13,2002,13,16
Clay Regazzoni,6,2002,6,21
Damon Hill,17,2002,17,13
David Coulthard,2,2002,2,25
Denny Hulme,12,2002,12,17
Didier Pironi,4,2002,4,23
Eddie Irvine,5,2002,5,22
Elio de Angelis,2,2002,2,25
Emerson Fittipaldi,28,2002,28,7
Gilles Villeneuve,2,2002,2,25
Graham Hill,27,2002,27,8
Jack Brabham,24,2002,24,10
Jackie Stewart,33,2002,33,6
Jacques Laffite,4,2002,4,23
Jacques Villeneuve,5,2002,5,22
James Hunt,1,2002,1,26
Jean Behra,1,2002,1,26
Jim Clark,22,2002,22,11
Jochen Rindt,8,2002,8,19
Jody Scheckter,15,2002,15,14
John Surtees,1,2002,1,26
John Watson,3,2002,3,24
Juan Fangio,35,2002,35,5
Keke Rosberg,3,2002,3,24
Lorenzo Bandini,1,2002,1,26
Luigi Musso,1,2002,1,26
Mario Andretti,15,2002,15,14
Maurice Trintignant,2,2002,2,25
Michael Schumacher,93,2002,76,1
Michele Alboreto,6,2002,6,21
Mika Häkkinen,27,2002,27,8
Mike Hawthorn,5,2002,5,22
Nelson Piquet,19,2002,19,12
Nigel Mansell,25,2002,25,9
Niki Lauda,42,2002,42,4
Nino Farina,7,2002,7,20
Patrick Depailler,1,2002,1,26
Pedro Rodríguez,1,2002,1,26
Peter Collins,2,2002,2,25
Phil Hill,4,2002,4,23
Piero Taruffi,3,2002,3,24
René Arnoux,3,2002,3,24
Stirling Moss,7,2002,7,20
Wolfgang von Trips,2,2002,2,25
Alain Prost,79,2003,79,2
Alan Jones,11,2003,11,18
Alberto Ascari,14,2003,14,15
Ayrton Senna,48,2003,48,3
Bruce McLaren,6,2003,6,21
Carlos Reutemann,13,2003,13,16
Clay Regazzoni,6,2003,6,21
Damon Hill,17,2003,17,13
David Coulthard,3,2003,2,24
Denny Hulme,12,2003,12,17
Didier Pironi,4,2003,4,23
Eddie Irvine,5,2003,5,22
Elio de Angelis,2,2003,2,25
Emerson Fittipaldi,28,2003,28,7
Gilles Villeneuve,2,2003,2,25
Graham Hill,27,2003,27,8
Jack Brabham,24,2003,24,10
Jackie Stewart,33,2003,33,6
Jacques Laffite,4,2003,4,23
Jacques Villeneuve,5,2003,5,22
James Hunt,1,2003,1,26
Jean Behra,1,2003,1,26
Jim Clark,22,2003,22,11
Jochen Rindt,8,2003,8,19
Jody Scheckter,15,2003,15,14
John Surtees,1,2003,1,26
John Watson,3,2003,3,24
Juan Fangio,35,2003,35,5
Keke Rosberg,3,2003,3,24
Kimi Räikkönen,6,2003,0,21
Lorenzo Bandini,1,2003,1,26
Luigi Musso,1,2003,1,26
Mario Andretti,15,2003,15,14
Maurice Trintignant,2,2003,2,25
Michael Schumacher,102,2003,93,1
Michele Alboreto,6,2003,6,21
Mika Häkkinen,27,2003,27,8
Mike Hawthorn,5,2003,5,22
Nelson Piquet,19,2003,19,12
Nigel Mansell,25,2003,25,9
Niki Lauda,42,2003,42,4
Nino Farina,7,2003,7,20
Patrick Depailler,1,2003,1,26
Pedro Rodríguez,1,2003,1,26
Peter Collins,2,2003,2,25
Phil Hill,4,2003,4,23
Piero Taruffi,3,2003,3,24
René Arnoux,3,2003,3,24
Stirling Moss,7,2003,7,20
Wolfgang von Trips,2,2003,2,25
Alain Prost,79,2004,79,2
Alan Jones,11,2004,11,18
Alberto Ascari,14,2004,14,15
Ayrton Senna,48,2004,48,3
Bruce McLaren,6,2004,6,21
Carlos Reutemann,13,2004,13,16
Clay Regazzoni,6,2004,6,21
Damon Hill,17,2004,17,13
David Coulthard,3,2004,3,24
Denny Hulme,12,2004,12,17
Didier Pironi,4,2004,4,23
Eddie Irvine,5,2004,5,22
Elio de Angelis,2,2004,2,25
Emerson Fittipaldi,28,2004,28,7
Gilles Villeneuve,2,2004,2,25
Graham Hill,27,2004,27,8
Jack Brabham,24,2004,24,10
Jackie Stewart,33,2004,33,6
Jacques Laffite,4,2004,4,23
Jacques Villeneuve,5,2004,5,22
James Hunt,1,2004,1,26
Jean Behra,1,2004,1,26
Jim Clark,22,2004,22,11
Jochen Rindt,8,2004,8,19
Jody Scheckter,15,2004,15,14
John Surtees,1,2004,1,26
John Watson,3,2004,3,24
Juan Fangio,35,2004,35,5
Keke Rosberg,3,2004,3,24
Kimi Räikkönen,6,2004,6,21
Lorenzo Bandini,1,2004,1,26
Luigi Musso,1,2004,1,26
Mario Andretti,15,2004,15,14
Maurice Trintignant,2,2004,2,25
Michael Schumacher,120,2004,102,1
Michele Alboreto,6,2004,6,21
Mika Häkkinen,27,2004,27,8
Mike Hawthorn,5,2004,5,22
Nelson Piquet,19,2004,19,12
Nigel Mansell,25,2004,25,9
Niki Lauda,42,2004,42,4
Nino Farina,7,2004,7,20
Patrick Depailler,1,2004,1,26
Pedro Rodríguez,1,2004,1,26
Peter Collins,2,2004,2,25
Phil Hill,4,2004,4,23
Piero Taruffi,3,2004,3,24
René Arnoux,3,2004,3,24
Stirling Moss,7,2004,7,20
Wolfgang von Trips,2,2004,2,25
Alain Prost,79,2005,79,2
Alan Jones,11,2005,11,19
Alberto Ascari,14,2005,14,16
Ayrton Senna,48,2005,48,3
Bruce McLaren,6,2005,6,22
Carlos Reutemann,13,2005,13,17
Clay Regazzoni,6,2005,6,22
Damon Hill,17,2005,17,14
David Coulthard,3,2005,3,25
Denny Hulme,12,2005,12,18
Didier Pironi,4,2005,4,24
Eddie Irvine,5,2005,5,23
Elio de Angelis,2,2005,2,26
Emerson Fittipaldi,28,2005,28,7
Fernando Alonso,18,2005,0,13
Giancarlo Fisichella,1,2005,0,27
Gilles Villeneuve,2,2005,2,26
Graham Hill,27,2005,27,8
Jack Brabham,24,2005,24,10
Jackie Stewart,33,2005,33,6
Jacques Laffite,4,2005,4,24
Jacques Villeneuve,5,2005,5,23
James Hunt,1,2005,1,27
Jean Behra,1,2005,1,27
Jim Clark,22,2005,22,11
Jochen Rindt,8,2005,8,20
Jody Scheckter,15,2005,15,15
John Surtees,1,2005,1,27
John Watson,3,2005,3,25
Juan Fangio,35,2005,35,5
Keke Rosberg,3,2005,3,25
Kimi Räikkönen,6,2005,6,22
Lorenzo Bandini,1,2005,1,27
Luigi Musso,1,2005,1,27
Mario Andretti,15,2005,15,15
Maurice Trintignant,2,2005,2,26
Michael Schumacher,120,2005,120,1
Michele Alboreto,6,2005,6,22
Mika Häkkinen,27,2005,27,8
Mike Hawthorn,5,2005,5,23
Nelson Piquet,19,2005,19,12
Nigel Mansell,25,2005,25,9
Niki Lauda,42,2005,42,4
Nino Farina,7,2005,7,21
Patrick Depailler,1,2005,1,27
Pedro Rodríguez,1,2005,1,27
Peter Collins,2,2005,2,26
Phil Hill,4,2005,4,24
Piero Taruffi,3,2005,3,25
René Arnoux,3,2005,3,25
Stirling Moss,7,2005,7,21
Wolfgang von Trips,2,2005,2,26
Alain Prost,79,2006,79,2
Alan Jones,11,2006,11,18
Alberto Ascari,14,2006,14,15
Ayrton Senna,48,2006,48,3
Bruce McLaren,6,2006,6,21
Carlos Reutemann,13,2006,13,16
Clay Regazzoni,6,2006,6,21
Damon Hill,17,2006,17,13
David Coulthard,3,2006,3,24
Denny Hulme,12,2006,12,17
Didier Pironi,4,2006,4,23
Eddie Irvine,5,2006,5,22
Elio de Angelis,2,2006,2,25
Emerson Fittipaldi,28,2006,28,7
Fernando Alonso,35,2006,18,5
Giancarlo Fisichella,1,2006,1,26
Gilles Villeneuve,2,2006,2,25
Graham Hill,27,2006,27,8
Jack Brabham,24,2006,24,10
Jackie Stewart,33,2006,33,6
Jacques Laffite,4,2006,4,23
Jacques Villeneuve,5,2006,5,22
James Hunt,1,2006,1,26
Jean Behra,1,2006,1,26
Jim Clark,22,2006,22,11
Jochen Rindt,8,2006,8,19
Jody Scheckter,15,2006,15,14
John Surtees,1,2006,1,26
John Watson,3,2006,3,24
Juan Fangio,35,2006,35,5
Keke Rosberg,3,2006,3,24
Kimi Räikkönen,6,2006,6,21
Lorenzo Bandini,1,2006,1,26
Luigi Musso,1,2006,1,26
Mario Andretti,15,2006,15,14
Maurice Trintignant,2,2006,2,25
Michael Schumacher,121,2006,120,1
Michele Alboreto,6,2006,6,21
Mika Häkkinen,27,2006,27,8
Mike Hawthorn,5,2006,5,22
Nelson Piquet,19,2006,19,12
Nigel Mansell,25,2006,25,9
Niki Lauda,42,2006,42,4
Nino Farina,7,2006,7,20
Patrick Depailler,1,2006,1,26
Pedro Rodríguez,1,2006,1,26
Peter Collins,2,2006,2,25
Phil Hill,4,2006,4,23
Piero Taruffi,3,2006,3,24
René Arnoux,3,2006,3,24
Stirling Moss,7,2006,7,20
Wolfgang von Trips,2,2006,2,25
Alain Prost,79,2007,79,2
Alan Jones,11,2007,11,19
Alberto Ascari,14,2007,14,16
Ayrton Senna,48,2007,48,3
Bruce McLaren,6,2007,6,22
Carlos Reutemann,13,2007,13,17
Clay Regazzoni,6,2007,6,22
Damon Hill,17,2007,17,14
David Coulthard,3,2007,3,25
Denny Hulme,12,2007,12,18
Didier Pironi,4,2007,4,24
Eddie Irvine,5,2007,5,23
Elio de Angelis,2,2007,2,26
Emerson Fittipaldi,28,2007,28,8
Fernando Alonso,38,2007,35,5
Giancarlo Fisichella,1,2007,1,27
Gilles Villeneuve,2,2007,2,26
Graham Hill,27,2007,27,9
Jack Brabham,24,2007,24,11
Jackie Stewart,33,2007,33,7
Jacques Laffite,4,2007,4,24
Jacques Villeneuve,5,2007,5,23
James Hunt,1,2007,1,27
Jean Behra,1,2007,1,27
Jim Clark,22,2007,22,12
Jochen Rindt,8,2007,8,20
Jody Scheckter,15,2007,15,15
John Surtees,1,2007,1,27
John Watson,3,2007,3,25
Juan Fangio,35,2007,35,6
Keke Rosberg,3,2007,3,25
Kimi Räikkönen,8,2007,6,20
Lewis Hamilton,12,2007,0,18
Lorenzo Bandini,1,2007,1,27
Luigi Musso,1,2007,1,27
Mario Andretti,15,2007,15,15
Maurice Trintignant,2,2007,2,26
Michael Schumacher,121,2007,121,1
Michele Alboreto,6,2007,6,22
Mika Häkkinen,27,2007,27,9
Mike Hawthorn,5,2007,5,23
Nelson Piquet,19,2007,19,13
Nigel Mansell,25,2007,25,10
Niki Lauda,42,2007,42,4
Nino Farina,7,2007,7,21
Patrick Depailler,1,2007,1,27
Pedro Rodríguez,1,2007,1,27
Peter Collins,2,2007,2,26
Phil Hill,4,2007,4,24
Piero Taruffi,3,2007,3,25
René Arnoux,3,2007,3,25
Stirling Moss,7,2007,7,21
Wolfgang von Trips,2,2007,2,26
Alain Prost,79,2008,79,2
Alan Jones,11,2008,11,19
Alberto Ascari,14,2008,14,16
Ayrton Senna,48,2008,48,3
Bruce McLaren,6,2008,6,22
Carlos Reutemann,13,2008,13,17
Clay Regazzoni,6,2008,6,22
Damon Hill,17,2008,17,14
David Coulthard,3,2008,3,25
Denny Hulme,12,2008,12,18
Didier Pironi,4,2008,4,24
Eddie Irvine,5,2008,5,23
Elio de Angelis,2,2008,2,26
Emerson Fittipaldi,28,2008,28,8
Felipe Massa,1,2008,0,27
Fernando Alonso,38,2008,38,5
Giancarlo Fisichella,1,2008,1,27
Gilles Villeneuve,2,2008,2,26
Graham Hill,27,2008,27,9
Jack Brabham,24,2008,24,11
Jackie Stewart,33,2008,33,7
Jacques Laffite,4,2008,4,24
Jacques Villeneuve,5,2008,5,23
James Hunt,1,2008,1,27
Jean Behra,1,2008,1,27
Jim Clark,22,2008,22,12
Jochen Rindt,8,2008,8,20
Jody Scheckter,15,2008,15,15
John Surtees,1,2008,1,27
John Watson,3,2008,3,25
Juan Fangio,35,2008,35,6
Keke Rosberg,3,2008,3,25
Kimi Räikkönen,11,2008,8,19
Lewis Hamilton,25,2008,12,10
Lorenzo Bandini,1,2008,1,27
Luigi Musso,1,2008,1,27
Mario Andretti,15,2008,15,15
Maurice Trintignant,2,2008,2,26
Michael Schumacher,121,2008,121,1
Michele Alboreto,6,2008,6,22
Mika Häkkinen,27,2008,27,9
Mike Hawthorn,5,2008,5,23
Nelson Piquet,19,2008,19,13
Nigel Mansell,25,2008,25,10
Niki Lauda,42,2008,42,4
Nino Farina,7,2008,7,21
Patrick Depailler,1,2008,1,27
Pedro Rodríguez,1,2008,1,27
Peter Collins,2,2008,2,26
Phil Hill,4,2008,4,24
Piero Taruffi,3,2008,3,25
René Arnoux,3,2008,3,25
Robert Kubica,1,2008,0,27
Stirling Moss,7,2008,7,21
Wolfgang von Trips,2,2008,2,26
Alain Prost,79,2009,79,2
Alan Jones,11,2009,11,19
Alberto Ascari,14,2009,14,16
Ayrton Senna,48,2009,48,3
Bruce McLaren,6,2009,6,22
Carlos Reutemann,13,2009,13,17
Clay Regazzoni,6,2009,6,22
Damon Hill,17,2009,17,14
David Coulthard,3,2009,3,25
Denny Hulme,12,2009,12,18
Didier Pironi,4,2009,4,24
Eddie Irvine,5,2009,5,23
Elio de Angelis,2,2009,2,26
Emerson Fittipaldi,28,2009,28,8
Felipe Massa,1,2009,1,27
Fernando Alonso,38,2009,38,5
Giancarlo Fisichella,1,2009,1,27
Gilles Villeneuve,2,2009,2,26
Graham Hill,27,2009,27,9
Jack Brabham,24,2009,24,11
Jackie Stewart,33,2009,33,7
Jacques Laffite,4,2009,4,24
Jacques Villeneuve,5,2009,5,23
James Hunt,1,2009,1,27
Jean Behra,1,2009,1,27
Jenson Button,17,2009,0,14
Jim Clark,22,2009,22,12
Jochen Rindt,8,2009,8,20
Jody Scheckter,15,2009,15,15
John Surtees,1,2009,1,27
John Watson,3,2009,3,25
Juan Fangio,35,2009,35,6
Keke Rosberg,3,2009,3,25
Kimi Räikkönen,11,2009,11,19
Lewis Hamilton,25,2009,25,10
Lorenzo Bandini,1,2009,1,27
Luigi Musso,1,2009,1,27
Mario Andretti,15,2009,15,15
Maurice Trintignant,2,2009,2,26
Michael Schumacher,121,2009,121,1
Michele Alboreto,6,2009,6,22
Mika Häkkinen,27,2009,27,9
Mike Hawthorn,5,2009,5,23
Nelson Piquet,19,2009,19,13
Nigel Mansell,25,2009,25,10
Niki Lauda,42,2009,42,4
Nino Farina,7,2009,7,21
Patrick Depailler,1,2009,1,27
Pedro Rodríguez,1,2009,1,27
Peter Collins,2,2009,2,26
Phil Hill,4,2009,4,24
Piero Taruffi,3,2009,3,25
René Arnoux,3,2009,3,25
Robert Kubica,1,2009,1,27
Stirling Moss,7,2009,7,21
Wolfgang von Trips,2,2009,2,26
Alain Prost,79,2010,79,2
Alan Jones,11,2010,11,19
Alberto Ascari,14,2010,14,16
Ayrton Senna,48,2010,48,3
Bruce McLaren,6,2010,6,22
Carlos Reutemann,13,2010,13,17
Clay Regazzoni,6,2010,6,22
Damon Hill,17,2010,17,14
David Coulthard,3,2010,3,25
Denny Hulme,12,2010,12,18
Didier Pironi,4,2010,4,24
Eddie Irvine,5,2010,5,23
Elio de Angelis,2,2010,2,26
Emerson Fittipaldi,28,2010,28,8
Felipe Massa,2,2010,1,26
Fernando Alonso,42,2010,38,4
Giancarlo Fisichella,1,2010,1,27
Gilles Villeneuve,2,2010,2,26
Graham Hill,27,2010,27,9
Jack Brabham,24,2010,24,11
Jackie Stewart,33,2010,33,6
Jacques Laffite,4,2010,4,24
Jacques Villeneuve,5,2010,5,23
James Hunt,1,2010,1,27
Jean Behra,1,2010,1,27
Jenson Button,19,2010,17,13
Jim Clark,22,2010,22,12
Jochen Rindt,8,2010,8,20
Jody Scheckter,15,2010,15,15
John Surtees,1,2010,1,27
John Watson,3,2010,3,25
Juan Fangio,35,2010,35,5
Keke Rosberg,3,2010,3,25
Kimi Räikkönen,11,2010,11,19
Lewis Hamilton,30,2010,25,7
Lorenzo Bandini,1,2010,1,27
Luigi Musso,1,2010,1,27
Mario Andretti,15,2010,15,15
Mark Webber,6,2010,0,22
Maurice Trintignant,2,2010,2,26
Michael Schumacher,121,2010,121,1
Michele Alboreto,6,2010,6,22
Mika Häkkinen,27,2010,27,9
Mike Hawthorn,5,2010,5,23
Nelson Piquet,19,2010,19,13
Nigel Mansell,25,2010,25,10
Niki Lauda,42,2010,42,4
Nino Farina,7,2010,7,21
Patrick Depailler,1,2010,1,27
Pedro Rodríguez,1,2010,1,27
Peter Collins,2,2010,2,26
Phil Hill,4,2010,4,24
Piero Taruffi,3,2010,3,25
René Arnoux,3,2010,3,25
Robert Kubica,1,2010,1,27
Sebastian Vettel,1,2010,0,27
Stirling Moss,7,2010,7,21
Wolfgang von Trips,2,2010,2,26
Alain Prost,79,2011,79,2
Alan Jones,11,2011,11,20
Alberto Ascari,14,2011,14,17
Ayrton Senna,48,2011,48,3
Bruce McLaren,6,2011,6,23
Carlos Reutemann,13,2011,13,18
Clay Regazzoni,6,2011,6,23
Damon Hill,17,2011,17,15
David Coulthard,3,2011,3,26
Denny Hulme,12,2011,12,19
Didier Pironi,4,2011,4,25
Eddie Irvine,5,2011,5,24
Elio de Angelis,2,2011,2,27
Emerson Fittipaldi,28,2011,28,8
Felipe Massa,2,2011,2,27
Fernando Alonso,42,2011,42,4
Giancarlo Fisichella,1,2011,1,28
Gilles Villeneuve,2,2011,2,27
Graham Hill,27,2011,27,9
Jack Brabham,24,2011,24,11
Jackie Stewart,33,2011,33,6
Jacques Laffite,4,2011,4,25
Jacques Villeneuve,5,2011,5,24
James Hunt,1,2011,1,28
Jean Behra,1,2011,1,28
Jenson Button,19,2011,19,14
Jim Clark,22,2011,22,12
Jochen Rindt,8,2011,8,21
Jody Scheckter,15,2011,15,16
John Surtees,1,2011,1,28
John Watson,3,2011,3,26
Juan Fangio,35,2011,35,5
Keke Rosberg,3,2011,3,26
Kimi Räikkönen,11,2011,11,20
Lewis Hamilton,30,2011,30,7
Lorenzo Bandini,1,2011,1,28
Luigi Musso,1,2011,1,28
Mario Andretti,15,2011,15,16
Mark Webber,6,2011,6,23
Maurice Trintignant,2,2011,2,27
Michael Schumacher,121,2011,121,1
Michele Alboreto,6,2011,6,23
Mika Häkkinen,27,2011,27,9
Mike Hawthorn,5,2011,5,24
Nelson Piquet,19,2011,19,14
Nigel Mansell,25,2011,25,10
Niki Lauda,42,2011,42,4
Nino Farina,7,2011,7,22
Patrick Depailler,1,2011,1,28
Pedro Rodríguez,1,2011,1,28
Peter Collins,2,2011,2,27
Phil Hill,4,2011,4,25
Piero Taruffi,3,2011,3,26
René Arnoux,3,2011,3,26
Robert Kubica,1,2011,1,28
Sebastian Vettel,20,2011,1,13
Stirling Moss,7,2011,7,22
Wolfgang von Trips,2,2011,2,27
Alain Prost,79,2012,79,2
Alan Jones,11,2012,11,21
Alberto Ascari,14,2012,14,18
Ayrton Senna,48,2012,48,4
Bruce McLaren,6,2012,6,24
Carlos Reutemann,13,2012,13,19
Clay Regazzoni,6,2012,6,24
Damon Hill,17,2012,17,16
David Coulthard,3,2012,3,27
Denny Hulme,12,2012,12,20
Didier Pironi,4,2012,4,26
Eddie Irvine,5,2012,5,25
Elio de Angelis,2,2012,2,28
Emerson Fittipaldi,28,2012,28,9
Felipe Massa,2,2012,2,28
Fernando Alonso,52,2012,42,3
Giancarlo Fisichella,1,2012,1,29
Gilles Villeneuve,2,2012,2,28
Graham Hill,27,2012,27,10
Jack Brabham,24,2012,24,12
Jackie Stewart,33,2012,33,7
Jacques Laffite,4,2012,4,26
Jacques Villeneuve,5,2012,5,25
James Hunt,1,2012,1,29
Jean Behra,1,2012,1,29
Jenson Button,20,2012,19,14
Jim Clark,22,2012,22,13
Jochen Rindt,8,2012,8,22
Jody Scheckter,15,2012,15,17
John Surtees,1,2012,1,29
John Watson,3,2012,3,27
Juan Fangio,35,2012,35,6
Keke Rosberg,3,2012,3,27
Kimi Räikkönen,11,2012,11,21
Lewis Hamilton,32,2012,30,8
Lorenzo Bandini,1,2012,1,29
Luigi Musso,1,2012,1,29
Mario Andretti,15,2012,15,17
Mark Webber,6,2012,6,24
Maurice Trintignant,2,2012,2,28
Michael Schumacher,121,2012,121,1
Michele Alboreto,6,2012,6,24
Mika Häkkinen,27,2012,27,10
Mike Hawthorn,5,2012,5,25
Nelson Piquet,19,2012,19,15
Nigel Mansell,25,2012,25,11
Niki Lauda,42,2012,42,5
Nino Farina,7,2012,7,23
Patrick Depailler,1,2012,1,29
Pedro Rodríguez,1,2012,1,29
Peter Collins,2,2012,2,28
Phil Hill,4,2012,4,26
Piero Taruffi,3,2012,3,27
René Arnoux,3,2012,3,27
Robert Kubica,1,2012,1,29
Sebastian Vettel,27,2012,20,10
Stirling Moss,7,2012,7,23
Wolfgang von Trips,2,2012,2,28
Alain Prost,79,2013,79,2
Alan Jones,11,2013,11,22
Alberto Ascari,14,2013,14,19
Ayrton Senna,48,2013,48,4
Bruce McLaren,6,2013,6,25
Carlos Reutemann,13,2013,13,20
Clay Regazzoni,6,2013,6,25
Damon Hill,17,2013,17,17
David Coulthard,3,2013,3,28
Denny Hulme,12,2013,12,21
Didier Pironi,4,2013,4,27
Eddie Irvine,5,2013,5,26
Elio de Angelis,2,2013,2,29
Emerson Fittipaldi,28,2013,28,10
Felipe Massa,2,2013,2,29
Fernando Alonso,52,2013,52,3
Giancarlo Fisichella,1,2013,1,30
Gilles Villeneuve,2,2013,2,29
Graham Hill,27,2013,27,11
Jack Brabham,24,2013,24,13
Jackie Stewart,33,2013,33,8
Jacques Laffite,4,2013,4,27
Jacques Villeneuve,5,2013,5,26
James Hunt,1,2013,1,30
Jean Behra,1,2013,1,30
Jenson Button,20,2013,20,15
Jim Clark,22,2013,22,14
Jochen Rindt,8,2013,8,23
Jody Scheckter,15,2013,15,18
John Surtees,1,2013,1,30
John Watson,3,2013,3,28
Juan Fangio,35,2013,35,7
Keke Rosberg,3,2013,3,28
Kimi Räikkönen,12,2013,11,21
Lewis Hamilton,32,2013,32,9
Lorenzo Bandini,1,2013,1,30
Luigi Musso,1,2013,1,30
Mario Andretti,15,2013,15,18
Mark Webber,6,2013,6,25
Maurice Trintignant,2,2013,2,29
Michael Schumacher,121,2013,121,1
Michele Alboreto,6,2013,6,25
Mika Häkkinen,27,2013,27,11
Mike Hawthorn,5,2013,5,26
Nelson Piquet,19,2013,19,16
Nigel Mansell,25,2013,25,12
Niki Lauda,42,2013,42,6
Nino Farina,7,2013,7,24
Patrick Depailler,1,2013,1,30
Pedro Rodríguez,1,2013,1,30
Peter Collins,2,2013,2,29
Phil Hill,4,2013,4,27
Piero Taruffi,3,2013,3,28
René Arnoux,3,2013,3,28
Robert Kubica,1,2013,1,30
Sebastian Vettel,45,2013,27,5
Stirling Moss,7,2013,7,24
Wolfgang von Trips,2,2013,2,29
Alain Prost,79,2014,79,2
Alan Jones,11,2014,11,22
Alberto Ascari,14,2014,14,19
Ayrton Senna,48,2014,48,4
Bruce McLaren,6,2014,6,25
Carlos Reutemann,13,2014,13,20
Clay Regazzoni,6,2014,6,25
Damon Hill,17,2014,17,17
David Coulthard,3,2014,3,28
Denny Hulme,12,2014,12,21
Didier Pironi,4,2014,4,27
Eddie Irvine,5,2014,5,26
Elio de Angelis,2,2014,2,29
Emerson Fittipaldi,28,2014,28,10
Felipe Massa,2,2014,2,29
Fernando Alonso,52,2014,52,3
Giancarlo Fisichella,1,2014,1,30
Gilles Villeneuve,2,2014,2,29
Graham Hill,27,2014,27,11
Jack Brabham,24,2014,24,13
Jackie Stewart,33,2014,33,9
Jacques Laffite,4,2014,4,27
Jacques Villeneuve,5,2014,5,26
James Hunt,1,2014,1,30
Jean Behra,1,2014,1,30
Jenson Button,20,2014,20,15
Jim Clark,22,2014,22,14
Jochen Rindt,8,2014,8,23
Jody Scheckter,15,2014,15,18
John Surtees,1,2014,1,30
John Watson,3,2014,3,28
Juan Fangio,35,2014,35,8
Keke Rosberg,3,2014,3,28
Kimi Räikkönen,12,2014,12,21
Lewis Hamilton,39,2014,32,7
Lorenzo Bandini,1,2014,1,30
Luigi Musso,1,2014,1,30
Mario Andretti,15,2014,15,18
Mark Webber,6,2014,6,25
Maurice Trintignant,2,2014,2,29
Michael Schumacher,121,2014,121,1
Michele Alboreto,6,2014,6,25
Mika Häkkinen,27,2014,27,11
Mike Hawthorn,5,2014,5,26
Nelson Piquet,19,2014,19,16
Nico Rosberg,12,2014,0,21
Nigel Mansell,25,2014,25,12
Niki Lauda,42,2014,42,6
Nino Farina,7,2014,7,24
Patrick Depailler,1,2014,1,30
Pedro Rodríguez,1,2014,1,30
Peter Collins,2,2014,2,29
Phil Hill,4,2014,4,27
Piero Taruffi,3,2014,3,28
René Arnoux,3,2014,3,28
Robert Kubica,1,2014,1,30
Sebastian Vettel,45,2014,45,5
Stirling Moss,7,2014,7,24
Wolfgang von Trips,2,2014,2,29
Alain Prost,79,2015,79,2
Alan Jones,11,2015,11,22
Alberto Ascari,14,2015,14,19
Ayrton Senna,48,2015,48,5
Bruce McLaren,6,2015,6,25
Carlos Reutemann,13,2015,13,20
Clay Regazzoni,6,2015,6,25
Damon Hill,17,2015,17,17
David Coulthard,3,2015,3,28
Denny Hulme,12,2015,12,21
Didier Pironi,4,2015,4,27
Eddie Irvine,5,2015,5,26
Elio de Angelis,2,2015,2,29
Emerson Fittipaldi,28,2015,28,10
Felipe Massa,2,2015,2,29
Fernando Alonso,52,2015,52,4
Giancarlo Fisichella,1,2015,1,30
Gilles Villeneuve,2,2015,2,29
Graham Hill,27,2015,27,11
Jack Brabham,24,2015,24,13
Jackie Stewart,33,2015,33,9
Jacques Laffite,4,2015,4,27
Jacques Villeneuve,5,2015,5,26
James Hunt,1,2015,1,30
Jean Behra,1,2015,1,30
Jenson Button,20,2015,20,15
Jim Clark,22,2015,22,14
Jochen Rindt,8,2015,8,23
Jody Scheckter,15,2015,15,18
John Surtees,1,2015,1,30
John Watson,3,2015,3,28
Juan Fangio,35,2015,35,8
Keke Rosberg,3,2015,3,28
Kimi Räikkönen,12,2015,12,21
Lewis Hamilton,58,2015,39,3
Lorenzo Bandini,1,2015,1,30
Luigi Musso,1,2015,1,30
Mario Andretti,15,2015,15,18
Mark Webber,6,2015,6,25
Maurice Trintignant,2,2015,2,29
Michael Schumacher,121,2015,121,1
Michele Alboreto,6,2015,6,25
Mika Häkkinen,27,2015,27,11
Mike Hawthorn,5,2015,5,26
Nelson Piquet,19,2015,19,16
Nico Rosberg,12,2015,12,21
Nigel Mansell,25,2015,25,12
Niki Lauda,42,2015,42,7
Nino Farina,7,2015,7,24
Patrick Depailler,1,2015,1,30
Pedro Rodríguez,1,2015,1,30
Peter Collins,2,2015,2,29
Phil Hill,4,2015,4,27
Piero Taruffi,3,2015,3,28
René Arnoux,3,2015,3,28
Robert Kubica,1,2015,1,30
Sebastian Vettel,45,2015,45,6
Stirling Moss,7,2015,7,24
Wolfgang von Trips,2,2015,2,29
Alain Prost,79,2016,79,2
Alan Jones,11,2016,11,23
Alberto Ascari,14,2016,14,20
Ayrton Senna,48,2016,48,5
Bruce McLaren,6,2016,6,26
Carlos Reutemann,13,2016,13,21
Clay Regazzoni,6,2016,6,26
Damon Hill,17,2016,17,18
David Coulthard,3,2016,3,29
Denny Hulme,12,2016,12,22
Didier Pironi,4,2016,4,28
Eddie Irvine,5,2016,5,27
Elio de Angelis,2,2016,2,30
Emerson Fittipaldi,28,2016,28,11
Felipe Massa,2,2016,2,30
Fernando Alonso,52,2016,52,4
Giancarlo Fisichella,1,2016,1,31
Gilles Villeneuve,2,2016,2,30
Graham Hill,27,2016,27,12
Jack Brabham,24,2016,24,14
Jackie Stewart,33,2016,33,9
Jacques Laffite,4,2016,4,28
Jacques Villeneuve,5,2016,5,27
James Hunt,1,2016,1,31
Jean Behra,1,2016,1,31
Jenson Button,20,2016,20,16
Jim Clark,22,2016,22,15
Jochen Rindt,8,2016,8,24
Jody Scheckter,15,2016,15,19
John Surtees,1,2016,1,31
John Watson,3,2016,3,29
Juan Fangio,35,2016,35,8
Keke Rosberg,3,2016,3,29
Kimi Räikkönen,12,2016,12,22
Lewis Hamilton,62,2016,58,3
Lorenzo Bandini,1,2016,1,31
Luigi Musso,1,2016,1,31
Mario Andretti,15,2016,15,19
Mark Webber,6,2016,6,26
Maurice Trintignant,2,2016,2,30
Michael Schumacher,121,2016,121,1
Michele Alboreto,6,2016,6,26
Mika Häkkinen,27,2016,27,12
Mike Hawthorn,5,2016,5,27
Nelson Piquet,19,2016,19,17
Nico Rosberg,29,2016,12,10
Nigel Mansell,25,2016,25,13
Niki Lauda,42,2016,42,7
Nino Farina,7,2016,7,25
Patrick Depailler,1,2016,1,31
Pedro Rodríguez,1,2016,1,31
Peter Collins,2,2016,2,30
Phil Hill,4,2016,4,28
Piero Taruffi,3,2016,3,29
René Arnoux,3,2016,3,29
Robert Kubica,1,2016,1,31
Sebastian Vettel,45,2016,45,6
Stirling Moss,7,2016,7,25
Wolfgang von Trips,2,2016,2,30
Alain Prost,79,2017,79,2
Alan Jones,11,2017,11,23
Alberto Ascari,14,2017,14,20
Ayrton Senna,48,2017,48,6
Bruce McLaren,6,2017,6,26
Carlos Reutemann,13,2017,13,21
Clay Regazzoni,6,2017,6,26
Damon Hill,17,2017,17,18
David Coulthard,3,2017,3,29
Denny Hulme,12,2017,12,22
Didier Pironi,4,2017,4,28
Eddie Irvine,5,2017,5,27
Elio de Angelis,2,2017,2,30
Emerson Fittipaldi,28,2017,28,11
Felipe Massa,2,2017,2,30
Fernando Alonso,52,2017,52,5
Giancarlo Fisichella,1,2017,1,31
Gilles Villeneuve,2,2017,2,30
Graham Hill,27,2017,27,12
Jack Brabham,24,2017,24,14
Jackie Stewart,33,2017,33,9
Jacques Laffite,4,2017,4,28
Jacques Villeneuve,5,2017,5,27
James Hunt,1,2017,1,31
Jean Behra,1,2017,1,31
Jenson Button,20,2017,20,16
Jim Clark,22,2017,22,15
Jochen Rindt,8,2017,8,24
Jody Scheckter,15,2017,15,19
John Surtees,1,2017,1,31
John Watson,3,2017,3,29
Juan Fangio,35,2017,35,8
Keke Rosberg,3,2017,3,29
Kimi Räikkönen,12,2017,12,22
Lewis Hamilton,70,2017,62,3
Lorenzo Bandini,1,2017,1,31
Luigi Musso,1,2017,1,31
Mario Andretti,15,2017,15,19
Mark Webber,6,2017,6,26
Maurice Trintignant,2,2017,2,30
Michael Schumacher,121,2017,121,1
Michele Alboreto,6,2017,6,26
Mika Häkkinen,27,2017,27,12
Mike Hawthorn,5,2017,5,27
Nelson Piquet,19,2017,19,17
Nico Rosberg,29,2017,29,10
Nigel Mansell,25,2017,25,13
Niki Lauda,42,2017,42,7
Nino Farina,7,2017,7,25
Patrick Depailler,1,2017,1,31
Pedro Rodríguez,1,2017,1,31
Peter Collins,2,2017,2,30
Phil Hill,4,2017,4,28
Piero Taruffi,3,2017,3,29
René Arnoux,3,2017,3,29
Robert Kubica,1,2017,1,31
Sebastian Vettel,57,2017,45,4
Stirling Moss,7,2017,7,25
Wolfgang von Trips,2,2017,2,30
Alain Prost,79,2018,79,3
Alan Jones,11,2018,11,23
Alberto Ascari,14,2018,14,20
Ayrton Senna,48,2018,48,6
Bruce McLaren,6,2018,6,26
Carlos Reutemann,13,2018,13,21
Clay Regazzoni,6,2018,6,26
Damon Hill,17,2018,17,18
David Coulthard,3,2018,3,29
Denny Hulme,12,2018,12,22
Didier Pironi,4,2018,4,28
Eddie Irvine,5,2018,5,27
Elio de Angelis,2,2018,2,30
Emerson Fittipaldi,28,2018,28,11
Felipe Massa,2,2018,2,30
Fernando Alonso,52,2018,52,5
Giancarlo Fisichella,1,2018,1,31
Gilles Villeneuve,2,2018,2,30
Graham Hill,27,2018,27,12
Jack Brabham,24,2018,24,14
Jackie Stewart,33,2018,33,9
Jacques Laffite,4,2018,4,28
Jacques Villeneuve,5,2018,5,27
James Hunt,1,2018,1,31
Jean Behra,1,2018,1,31
Jenson Button,20,2018,20,16
Jim Clark,22,2018,22,15
Jochen Rindt,8,2018,8,24
Jody Scheckter,15,2018,15,19
John Surtees,1,2018,1,31
John Watson,3,2018,3,29
Juan Fangio,35,2018,35,8
Keke Rosberg,3,2018,3,29
Kimi Räikkönen,12,2018,12,22
Lewis Hamilton,85,2018,70,2
Lorenzo Bandini,1,2018,1,31
Luigi Musso,1,2018,1,31
Mario Andretti,15,2018,15,19
Mark Webber,6,2018,6,26
Maurice Trintignant,2,2018,2,30
Michael Schumacher,121,2018,121,1
Michele Alboreto,6,2018,6,26
Mika Häkkinen,27,2018,27,12
Mike Hawthorn,5,2018,5,27
Nelson Piquet,19,2018,19,17
Nico Rosberg,29,2018,29,10
Nigel Mansell,25,2018,25,13
Niki Lauda,42,2018,42,7
Nino Farina,7,2018,7,25
Patrick Depailler,1,2018,1,31
Pedro Rodríguez,1,2018,1,31
Peter Collins,2,2018,2,30
Phil Hill,4,2018,4,28
Piero Taruffi,3,2018,3,29
René Arnoux,3,2018,3,29
Robert Kubica,1,2018,1,31
Sebastian Vettel,63,2018,57,4
Stirling Moss,7,2018,7,25
Wolfgang von Trips,2,2018,2,30
Alain Prost,79,2019,79,3
Alan Jones,11,2019,11,23
Alberto Ascari,14,2019,14,20
Ayrton Senna,48,2019,48,6
Bruce McLaren,6,2019,6,26
Carlos Reutemann,13,2019,13,21
Clay Regazzoni,6,2019,6,26
Damon Hill,17,2019,17,18
David Coulthard,3,2019,3,29
Denny Hulme,12,2019,12,22
Didier Pironi,4,2019,4,28
Eddie Irvine,5,2019,5,27
Elio de Angelis,2,2019,2,30
Emerson Fittipaldi,28,2019,28,11
Felipe Massa,2,2019,2,30
Fernando Alonso,52,2019,52,5
Giancarlo Fisichella,1,2019,1,31
Gilles Villeneuve,2,2019,2,30
Graham Hill,27,2019,27,12
Jack Brabham,24,2019,24,14
Jackie Stewart,33,2019,33,9
Jacques Laffite,4,2019,4,28
Jacques Villeneuve,5,2019,5,27
James Hunt,1,2019,1,31
Jean Behra,1,2019,1,31
Jenson Button,20,2019,20,16
Jim Clark,22,2019,22,15
Jochen Rindt,8,2019,8,24
Jody Scheckter,15,2019,15,19
John Surtees,1,2019,1,31
John Watson,3,2019,3,29
Juan Fangio,35,2019,35,8
Keke Rosberg,3,2019,3,29
Kimi Räikkönen,12,2019,12,22
Lewis Hamilton,103,2019,85,2
Lorenzo Bandini,1,2019,1,31
Luigi Musso,1,2019,1,31
Mario Andretti,15,2019,15,19
Mark Webber,6,2019,6,26
Maurice Trintignant,2,2019,2,30
Michael Schumacher,121,2019,121,1
Michele Alboreto,6,2019,6,26
Mika Häkkinen,27,2019,27,12
Mike Hawthorn,5,2019,5,27
Nelson Piquet,19,2019,19,17
Nico Rosberg,29,2019,29,10
Nigel Mansell,25,2019,25,13
Niki Lauda,42,2019,42,7
Nino Farina,7,2019,7,25
Patrick Depailler,1,2019,1,31
Pedro Rodríguez,1,2019,1,31
Peter Collins,2,2019,2,30
Phil Hill,4,2019,4,28
Piero Taruffi,3,2019,3,29
René Arnoux,3,2019,3,29
Robert Kubica,1,2019,1,31
Sebastian Vettel,63,2019,63,4
Stirling Moss,7,2019,7,25
Valtteri Bottas,3,2019,0,29
Wolfgang von Trips,2,2019,2,30
Alain Prost,79,2020,79,3
Alan Jones,11,2020,11,23
Alberto Ascari,14,2020,14,20
Ayrton Senna,48,2020,48,6
Bruce McLaren,6,2020,6,26
Carlos Reutemann,13,2020,13,21
Clay Regazzoni,6,2020,6,26
Damon Hill,17,2020,17,18
David Coulthard,3,2020,3,29
Denny Hulme,12,2020,12,22
Didier Pironi,4,2020,4,28
Eddie Irvine,5,2020,5,27
Elio de Angelis,2,2020,2,30
Emerson Fittipaldi,28,2020,28,11
Felipe Massa,2,2020,2,30
Fernando Alonso,52,2020,52,5
Giancarlo Fisichella,1,2020,1,31
Gilles Villeneuve,2,2020,2,30
Graham Hill,27,2020,27,12
Jack Brabham,24,2020,24,14
Jackie Stewart,33,2020,33,9
Jacques Laffite,4,2020,4,28
Jacques Villeneuve,5,2020,5,27
James Hunt,1,2020,1,31
Jean Behra,1,2020,1,31
Jenson Button,20,2020,20,16
Jim Clark,22,2020,22,15
Jochen Rindt,8,2020,8,24
Jody Scheckter,15,2020,15,19
John Surtees,1,2020,1,31
John Watson,3,2020,3,29
Juan Fangio,35,2020,35,8
Keke Rosberg,3,2020,3,29
Kimi Räikkönen,12,2020,12,22
Lewis Hamilton,118,2020,103,2
Lorenzo Bandini,1,2020,1,31
Luigi Musso,1,2020,1,31
Mario Andretti,15,2020,15,19
Mark Webber,6,2020,6,26
Maurice Trintignant,2,2020,2,30
Michael Schumacher,121,2020,121,1
Michele Alboreto,6,2020,6,26
Mika Häkkinen,27,2020,27,12
Mike Hawthorn,5,2020,5,27
Nelson Piquet,19,2020,19,17
Nico Rosberg,29,2020,29,10
Nigel Mansell,25,2020,25,13
Niki Lauda,42,2020,42,7
Nino Farina,7,2020,7,25
Patrick Depailler,1,2020,1,31
Pedro Rodríguez,1,2020,1,31
Peter Collins,2,2020,2,30
Phil Hill,4,2020,4,28
Piero Taruffi,3,2020,3,29
René Arnoux,3,2020,3,29
Robert Kubica,1,2020,1,31
Sebastian Vettel,63,2020,63,4
Stirling Moss,7,2020,7,25
Valtteri Bottas,5,2020,3,27
Wolfgang von Trips,2,2020,2,30
Alain Prost,79,2021,79,3
Alan Jones,11,2021,11,23
Alberto Ascari,14,2021,14,20
Ayrton Senna,48,2021,48,6
Bruce McLaren,6,2021,6,26
Carlos Reutemann,13,2021,13,21
Clay Regazzoni,6,2021,6,26
Damon Hill,17,2021,17,18
David Coulthard,3,2021,3,29
Denny Hulme,12,2021,12,22
Didier Pironi,4,2021,4,28
Eddie Irvine,5,2021,5,27
Elio de Angelis,2,2021,2,30
Emerson Fittipaldi,28,2021,28,11
Felipe Massa,2,2021,2,30
Fernando Alonso,52,2021,52,5
Giancarlo Fisichella,1,2021,1,31
Gilles Villeneuve,2,2021,2,30
Graham Hill,27,2021,27,12
Jack Brabham,24,2021,24,14
Jackie Stewart,33,2021,33,9
Jacques Laffite,4,2021,4,28
Jacques Villeneuve,5,2021,5,27
James Hunt,1,2021,1,31
Jean Behra,1,2021,1,31
Jenson Button,20,2021,20,16
Jim Clark,22,2021,22,15
Jochen Rindt,8,2021,8,24
Jody Scheckter,15,2021,15,19
John Surtees,1,2021,1,31
John Watson,3,2021,3,29
Juan Fangio,35,2021,35,8
Keke Rosberg,3,2021,3,29
Kimi Räikkönen,12,2021,12,22
Lewis Hamilton,125,2021,118,1
Lorenzo Bandini,1,2021,1,31
Luigi Musso,1,2021,1,31
Mario Andretti,15,2021,15,19
Mark Webber,6,2021,6,26
Maurice Trintignant,2,2021,2,30
Max Verstappen,15,2021,0,19
Michael Schumacher,121,2021,121,2
Michele Alboreto,6,2021,6,26
Mika Häkkinen,27,2021,27,12
Mike Hawthorn,5,2021,5,27
Nelson Piquet,19,2021,19,17
Nico Rosberg,29,2021,29,10
Nigel Mansell,25,2021,25,13
Niki Lauda,42,2021,42,7
Nino Farina,7,2021,7,25
Patrick Depailler,1,2021,1,31
Pedro Rodríguez,1,2021,1,31
Peter Collins,2,2021,2,30
Phil Hill,4,2021,4,28
Piero Taruffi,3,2021,3,29
René Arnoux,3,2021,3,29
Robert Kubica,1,2021,1,31
Sebastian Vettel,63,2021,63,4
Stirling Moss,7,2021,7,25
Valtteri Bottas,5,2021,5,27
Wolfgang von Trips,2,2021,2,30
Alain Prost,79,2022,79,3
Alan Jones,11,2022,11,24
Alberto Ascari,14,2022,14,21
Ayrton Senna,48,2022,48,6
Bruce McLaren,6,2022,6,27
Carlos Reutemann,13,2022,13,22
Charles Leclerc,5,2022,0,28
Clay Regazzoni,6,2022,6,27
Damon Hill,17,2022,17,19
David Coulthard,3,2022,3,30
Denny Hulme,12,2022,12,23
Didier Pironi,4,2022,4,29
Eddie Irvine,5,2022,5,28
Elio de Angelis,2,2022,2,31
Emerson Fittipaldi,28,2022,28,12
Felipe Massa,2,2022,2,31
Fernando Alonso,52,2022,52,5
Giancarlo Fisichella,1,2022,1,32
Gilles Villeneuve,2,2022,2,31
Graham Hill,27,2022,27,13
Jack Brabham,24,2022,24,15
Jackie Stewart,33,2022,33,9
Jacques Laffite,4,2022,4,29
Jacques Villeneuve,5,2022,5,28
James Hunt,1,2022,1,32
Jean Behra,1,2022,1,32
Jenson Button,20,2022,20,17
Jim Clark,22,2022,22,16
Jochen Rindt,8,2022,8,25
Jody Scheckter,15,2022,15,20
John Surtees,1,2022,1,32
John Watson,3,2022,3,30
Juan Fangio,35,2022,35,8
Keke Rosberg,3,2022,3,30
Kimi Räikkönen,12,2022,12,23
Lewis Hamilton,125,2022,125,1
Lorenzo Bandini,1,2022,1,32
Luigi Musso,1,2022,1,32
Mario Andretti,15,2022,15,20
Mark Webber,6,2022,6,27
Maurice Trintignant,2,2022,2,31
Max Verstappen,32,2022,15,10
Michael Schumacher,121,2022,121,2
Michele Alboreto,6,2022,6,27
Mika Häkkinen,27,2022,27,13
Mike Hawthorn,5,2022,5,28
Nelson Piquet,19,2022,19,18
Nico Rosberg,29,2022,29,11
Nigel Mansell,25,2022,25,14
Niki Lauda,42,2022,42,7
Nino Farina,7,2022,7,26
Patrick Depailler,1,2022,1,32
Pedro Rodríguez,1,2022,1,32
Peter Collins,2,2022,2,31
Phil Hill,4,2022,4,29
Piero Taruffi,3,2022,3,30
René Arnoux,3,2022,3,30
Robert Kubica,1,2022,1,32
Sebastian Vettel,63,2022,63,4
Stirling Moss,7,2022,7,26
Valtteri Bottas,5,2022,5,28
Wolfgang von Trips,2,2022,2,31
